Group,Family ,10029,10030,10031,10032,10033,10034,10035,10036,10037,10038,10039,10040,10041,10042,10044,10046,10047,10048,10049,10052,10053,10054,10055,10056,CLS1_1,CLS1_3,CLS2_1,CLS2_3,CLS3_1,CLS3_2,CLS3_3,CLS4_1,CLS4_2,CLS4_3,CLS5_1 ,ELS2_1,ELS2_2,ELS2_3,ELS3_1,ELS3_2,ELS3_3,ELS4_1,ELS4_2,ELS4_3,ELS5_1,ELS5_2,ELS5_3,ELS6_1,ELS6_2,ELS6_3,ELS7_1,ELS7_2,ELS7_3,ELS8_1,ELS8_2,ELS8_3,Outlet.10477.trt.2003,Outlet.10477.trt.2004,Outlet.10477.trt.2011,Outlet.10487.trt.2003,Outlet.10487.trt.2004,Outlet.10487.trt.2011,Outlet.10494.trt.2012,Outlet.11007.fishless.2003,Outlet.11007.fishless.2004,Outlet.11007.fishless.2011,Outlet.Vidette.below.2003,Outlet.Vidette.below.2004,Outlet.Vidette.below.2011,Outlet.Vidette.below.2012,RLS1_1,RLS2_1,RLS3_1,RLS3_2,RLS4_1,RLS4_2,RLS4_3,RLS5_1,RLS5_2,RLS5_3,RLS6_1,RLS6_2,YLS2_1,YLS2_2,YLS2_3,YLS3_1,YLS3_3,YLS4_1,YLS4_3,RCLS1.1,RCLS2.1,RCLS2.2,RCLS2.3,RCLS2.4,RCLS2.5,RCLS2.6,RCLS3.1,RCLS3.2,RCLS3.3,RCLS3.4,RCLS3.5,RCLS4.1,RCLS4.2,RCLS4.3,RCLS5.1,RCLS5.2,RCLS5.3,RCLS6.1,RCLS6.2,RCLS6.3,RCLS6.4,RCLS6.5,RCLS7.1,RCLS7.2,RCLS7.3,RCLS7.4,RCLS7.5,RCLS7.6,RCLS7.7,RCLS8.1,RCLS8.2,RCLS8.3,RCLS8.4,RCLS8.5,RCLS8.7,,,,,,,,,,,,,
Acentrella,Baetidae,0,0,0,0,0,0,0,0,0,0,0,0,0,0,0,0,0,0,0,0,0,0,0,0,0,0,0,9.001,0,0,9.001,0,0,0,0,31.503,0,9.001,0,4.5,9.001,0,4.5,4.5,13.501,0,0,0,0,0,0,0,4.5,0,4.5,9.001,0,0,0,0,0,0,0,0,0,0,0,0,0,0,0,0,0,0,0,0,0,22.502,0,0,4.5,0,0,31.503,0,0,0,0,0,0,0,0,0,0,0,0,0,0,0,0,0,0,0,0,0,0,0,0,0,0,0,0,0,0,0,0,0,0,0,0,0,0,0,1.389,0,,,,,,,,,,,,,
Aedes,Culcidae,0,0,0,0,0,0,0,0,0,0,0,0,0,0,0,0,0,0,0,0,0,0,0,0,0,0,0,0,4.5,0,0,0,0,0,0,0,0,0,0,0,0,0,0,0,0,0,0,0,0,0,0,0,0,0,0,0,0,0,0,0,0,0,0,0,0,0,0,0,0,0,0,0,0,0,0,0,0,0,0,0,0,0,0,0,0,0,0,0,0,0,0,0,0,0,0,0,0,0,0,0,0,0,0,0,0,0,0,0,0,0,0,0,0,0,0,0,0,0,0,0,0,0,0,0,0,,,,,,,,,,,,,
Agabus,Dytiscidae,0,0,4,0,0,0,0,0,0,0,0,0,0,0,0,0,0,0,0,0,0,0,0,0,0,0,0,0,0,0,0,0,0,0,0,0,0,4.5,0,0,0,0,0,0,0,0,0,0,0,0,0,0,0,0,0,0,0,7.168,5.376,0,0,0,0,41.219,27.479,17.324,0,0,0,0,0,0,0,0,0,0,0,0,0,0,0,0,0,0,0,0,0,0,0,0,0,0,0,0,0,0,0,0,0,0,0,0,0,0,0,0,0,0,0,0,0,0,0,0,0,0,0,0,0,0,0,0,0,0,0,,,,,,,,,,,,,
Agraylea,Hydroptilidae,0,0,0,0,0,0,0,0,0,0,0,0,0,0,0,0,0,0,0,0,0,0,0,0,0,0,0,0,0,0,18.002,0,0,0,0,0,0,0,0,0,0,0,0,0,0,4.5,9.001,0,0,4.5,0,4.5,4.5,0,22.502,18.002,0,0,0,0,0,0,487.455,0,0,0,0,0,0,0,0,0,0,0,0,0,0,0,0,0,0,0,0,0,0,0,0,0,0,0,0,0,4.63,0,0,0,1.389,0,0,0,1.111,0,0,0,1.852,0,0,0,0,1.389,0,0,0,0,2.778,0,0,0,0,0,1.389,0,0,0,0,,,,,,,,,,,,,
Alloperla,Chloroperlidae,0,0,0,0,0,0,0,0,0,0,0,0,0,0,16,0,0,0,0,0,0,0,0,0,0,0,0,0,0,0,0,0,0,0,0,0,0,0,0,0,0,0,0,0,0,0,0,0,0,0,0,0,0,0,0,0,0,0,0,0,0,0,0,0,0,0,0,0,0,0,0,0,0,0,18.002,0,0,0,0,0,0,0,0,0,0,0,0,0,0,0,0,0,0,0,0,0,0,0,0,0,0,0,0,0,0,0,0,0,0,0,0,0,0,0,0,0,0,0,0,0,0,0,0,0,0,,,,,,,,,,,,,
Allotrichoma,Ephydridae,0,0,0,0,0,0,0,0,0,0,0,0,0,0,0,0,0,0,0,0,0,0,0,0,0,0,0,0,0,0,0,4.5,0,0,0,0,0,0,0,0,0,0,0,0,0,0,0,0,0,0,0,0,0,0,0,0,0,0,0,0,0,0,0,0,0,0,0,0,0,0,0,0,0,0,0,0,0,0,0,0,0,0,0,0,0,0,0,0,0,0,0,0,0,0,0,0,0,0,0,0,0,0,0,0,0,0,0,0,0,0,0,0,0,0,0,0,0,0,0,0,0,0,0,0,0,,,,,,,,,,,,,
Ameletus,Ameletidae,0,3.2,8,0,0,0,0,0,0,84,14.545,10.667,64,0,256,0,18.286,80,24,10,0,0,0,16,0,0,0,0,18.002,0,0,0,0,4.5,0,0,72.007,0,0,0,0,0,0,0,0,0,0,0,0,0,0,0,0,0,0,0,1.195,14.337,1033.453,2.389,2.389,15.133,382.318,0,0,0,206.691,185.185,7.168,544.803,0,0,0,0,0,0,0,0,0,0,0,0,0,0,0,0,0,0,0,0,15.278,0,1.852,9.722,0,1.389,0,0,3.333,0,0,2.222,0,0,0,0,0,0,0,0,0,0,0,0,0.926,0,0,0,4.63,0,0,0,0,2.778,0,,,,,,,,,,,,,
Amphizoa,Amphizoidae,0,0,0,0,0,0,0,0,0,0,0,0,0,0,0,0,0,0,0,0,0,0,0,0,0,0,0,0,0,0,0,0,0,0,0,0,0,0,0,0,0,0,0,0,0,0,0,0,0,0,0,0,0,0,0,0,0,0,0,0,0,0,0,0,0,0,0,0,0,0,0,0,0,0,0,0,0,0,0,0,0,0,0,0,4.5,0,0,0,0,0,0,0,0,0,0,0,0,0,0,0,0,0,0,0,0,0,0,0,0,0,0,0,0,0,0,0,0,0,0,0,0,0,0,0,0,,,,,,,,,,,,,
Antocha,Tipulidae,0,0,0,0,0,0,0,0,0,0,0,0,0,0,0,0,0,0,0,0,0,0,0,0,0,0,0,0,0,0,0,0,0,0,0,0,0,0,0,0,0,0,0,0,0,0,0,0,0,0,0,0,4.5,0,9.001,0,0,0,0,0,0,0,0,0,0,0,0,0,0,9.558,0,0,0,0,18.002,0,0,22.502,0,27.003,0,4.5,0,0,0,0,0,0,0,0,0,0,0,0,0.855,0,0,0,1.111,0,0,0,0,0,0,0,0,0,0,0,0,0,0,0,0,0,0,0,0,0,0,0,0,0,1.389,,,,,,,,,,,,,
Apatania,Apataniidae,0,0,0,0,0,0,0,0,0,0,0,0,0,0,0,0,0,0,0,0,0,0,0,0,0,0,0,0,0,0,4.5,0,4.5,0,0,0,0,31.503,0,0,0,0,0,0,0,0,0,0,0,0,0,0,0,0,0,0,0,0,0,0,0,0,0,0,0,0,150.538,63.919,2.867,712.067,0,0,0,0,0,0,0,0,0,0,0,0,0,0,0,0,0,0,0,1.587,0,0,0,0,0,0,0,0,0,0,0,0,0,0,0,0,0,0,0,0.694,0,0,0,0,0,0,0,0,0,0,0,0,0,2.778,0,,,,,,,,,,,,,
Aquarius,Gerridae,0,0,0,0,0,0,0,0,0,0,0,0,0,0,0,0,0,0,0,0,0,0,0,0,0,0,0,0,0,0,0,0,0,0,0,0,0,0,0,0,0,0,0,0,0,0,0,0,0,0,0,0,0,0,0,0,0,0,0,0,0,0,0,0,0,0,0,0,0,0,0,0,0,0,0,0,0,0,0,0,0,0,0,0,13.501,0,4.5,0,0,0,0,0,0,0,0,0,0,0,0,0,0,0,0,0,0,0,0,0,0,0,0,0,0,0,0,0,0,0,0,0,0,0,0,0,0,,,,,,,,,,,,,
Arachnida,,428,345.6,576,453.818,1301.333,296,576,70.4,282.667,152,72.727,1962.667,9706.667,64,480,2368,2880,808,256,200,2218.667,1657.6,6688,856,58.506,18.002,0,4.5,0,0,18.002,0,0,4.5,22.502,0,18.002,0,4.5,0,54.005,0,0,0,94.509,22.502,18.002,0,0,0,0,0,0,4.5,0,0,1479.092,2331.541,1481.481,1053.166,2949.821,3741.338,22212.664,113.501,108.722,745.52,622.461,930.108,484.429,6771.804,0,4.5,0,0,0,0,0,0,0,157.516,103.51,0,0,22.502,4.5,9.001,13.501,0,13.501,0,1.389,4.167,13.889,1.389,4.274,1.389,4.167,0,0,0,0,2.222,0,0,0,0,0,0,0,0,0,0,0,0,0,0,0,0,0,0,0,0,0,0,0,,,,,,,,,,,,,
Arctocorisa,Corixidae,0,0,0,0,0,0,0,0,0,0,0,0,0,0,0,0,0,0,0,0,0,0,0,0,0,0,0,0,0,0,0,0,0,0,0,0,0,0,0,0,0,0,0,0,0,0,0,0,0,0,0,0,0,0,0,0,0,0,0,0,0,0,0,0,0.597,0,0,0,0,0,0,0,0,0,0,0,0,0,0,0,0,0,0,0,0,0,0,0,0,0,0,0,0,0,0,0,0,0,0,0,0,0,0,0,0,0,0,0,0,0,0,0,0,0,0,0,0,0,0,0,0,0,0,0,0,,,,,,,,,,,,,
Atrichopogon,Ceratopogonidae,0,0,0,0,0,0,0,0,0,0,0,0,0,0,0,0,0,0,0,0,0,0,0,0,0,0,0,0,0,0,0,0,0,0,0,0,0,0,0,0,0,0,0,0,0,0,0,0,0,0,0,0,0,0,0,0,0,0,0,0,0,0,0,0,1.792,0,0,0,0,0,0,0,0,0,0,0,0,0,0,0,0,0,0,0,0,0,0,0,0,0,0,0,0,0,0,0,0,0,0,0,0,0,0,0,0,0,0,0,0,0,0,0,0,0,0,0,0,0,0,0,0,0,0,0,0,,,,,,,,,,,,,
Baetis,Baetidae,0,3.2,96,43.636,501.333,0,584,0,5.333,8,2.909,0,0,0,144,384,201.143,392,40,10,192,0,1056,72,9.001,4.5,4.5,9.001,58.506,31.503,1161.116,36.004,643.564,148.515,238.524,144.014,40.504,99.01,4.5,13.501,58.506,0,45.005,45.005,22.502,0,18.002,0,22.502,76.508,0,49.505,31.503,0,63.006,76.508,16.726,50.179,5.462,183.393,248.507,301.872,372.76,112.306,8.363,18.519,17.921,161.29,184.787,597.372,0,40.504,0,72.007,99.01,36.004,31.503,112.511,0,27.003,31.503,175.518,13.501,31.503,22.502,31.503,0,0,0,0,36.111,13.889,27.778,43.056,25.641,104.167,16.667,0,17.778,25,32.222,2.222,42.593,30.556,19.444,11.111,5.556,14.815,22.222,14.583,27.778,0,18.889,13.889,36.111,19.444,10.101,42.424,12.963,133.333,15.278,13.889,18.056,36.111,12.5,,,,,,,,,,,,,
Bezzia,Ceratopogonidae,0,0,0,0,0,0,0,0,0,0,0,0,0,0,0,0,0,72,144,44,0,0,0,200,0,0,0,0,0,0,0,0,0,0,0,0,0,0,0,0,0,0,0,0,0,0,0,0,0,0,0,0,0,0,0,0,0,0,0,2.389,7.168,8.961,162.485,0,0,0,9.558,68.698,49.622,253.286,0,0,0,0,0,0,0,0,0,0,0,0,0,0,0,0,0,0,0,0,0,0,0,0,0,0,0,0,0,0,0,0,0,0,0,0,0,0,0,0,0,0,0,0,0,0,0,0,0,0,0,0,0,0,0,,,,,,,,,,,,,
Brachycentrus,Brachycentridae,0,0,0,0,0,0,0,0,0,0,0,0,0,0,0,0,0,0,0,0,0,0,0,0,0,0,0,0,0,0,0,0,0,0,0,0,0,0,0,0,0,0,0,0,0,0,0,0,0,0,0,0,0,0,0,0,0,0,0,0,0,0,0,0,0,0,0,0,0,0,0,0,0,4.5,0,0,0,0,0,0,0,0,0,76.508,0,0,0,0,0,0,0,0,0,0,0,0,1.389,0,0,0,0,0,0,0,0,6.667,2.222,0,3.03,0,2.778,7.778,3.333,6.481,0.926,2.778,0,2.02,0,0,0,0,0,5.556,0,,,,,,,,,,,,,
Calineuria,Perlidae,0,0,0,0,0,0,0,0,0,0,0,0,0,0,0,0,0,0,0,0,0,0,0,0,0,0,0,0,0,0,0,0,0,4.5,9.001,0,0,0,4.5,0,0,0,0,0,9.001,0,0,4.5,4.5,0,0,0,0,0,0,0,0,0,0,0,0,0,0,0,0,0,0,0,0,0,0,0,0,0,4.5,0,0,0,0,0,0,0,0,4.5,18.002,0,0,0,0,0,0,0,1.852,0,0,0,0,1.389,2.222,8.333,0,0,3.704,2.778,0,0,0,0,3.03,0,0,0,1.111,0,0,0,0,0,3.704,0,4.167,2.778,1.389,0,0,,,,,,,,,,,,,
Callibaetis,Baetidae,0,6.4,0,0,0,16,0,0,0,0,0,0,0,0,0,0,0,0,0,0,0,0,0,0,0,0,0,0,0,9.001,270.027,0,180.018,31.503,0,0,0,0,0,0,0,0,0,0,0,0,0,0,0,0,0,0,0,0,4.5,13.501,0,0,1.792,0,0,0,0,0,0,0,0,0,0,0,0,0,0,0,0,0,0,0,4.5,0,0,0,0,0,0,0,0,0,0,0,0,0,0,0,0,0,0,0,0,0,0,0,0,0,0,0,0,0,0,0,0,0,0,0,0,0,0,0,0,0,0,0,0,0,0,,,,,,,,,,,,,
Calliperla,Perlodidae,0,0,0,0,0,0,0,0,0,0,0,0,0,0,0,0,0,0,0,0,0,0,0,0,0,0,0,0,0,0,0,0,0,0,0,0,0,0,0,0,0,0,0,0,0,0,0,0,0,0,0,0,0,0,4.5,0,0,0,0,0,0,0,0,0,0,0,0,0,0,0,0,0,0,0,0,0,0,0,0,0,0,0,0,0,0,0,0,0,0,0,0,0,0,0,0,0,0,0,0,0,0,0,0,0,0,0,0,0,0,0,0,0,0,0,0,0,0,0,0,0,0,0,0,0,0,,,,,,,,,,,,,
Capniidae,Capniidae,0,0,0,0,0,0,0,0,0,0,0,0,0,0,0,0,0,0,32,0,0,0,0,0,0,0,0,0,0,0,0,0,0,0,0,0,0,0,0,0,0,0,0,0,0,0,0,0,0,0,0,0,0,0,0,0,0,0,0,0,0,0,0,0,0,0,0,0,0,0,0,0,0,0,0,0,0,0,0,0,0,0,0,0,0,0,0,0,0,0,0,0,0,0,0,0,0,0,0,0,0,0,0,0,0,0,0,0,0,0,0,0,0,0,0,0,0,0,0,0,0,0,0,0,0,,,,,,,,,,,,,
Caudatella,Ephemerellidae,0,0,0,0,0,0,0,0,0,0,0,0,0,0,0,0,0,0,0,0,0,0,0,0,0,0,0,0,0,0,0,0,0,0,0,0,0,0,0,0,0,0,0,0,0,0,0,0,0,0,0,0,0,0,0,0,0,0,0,0,0,0,0,0,0,0,0,0,0,0,0,0,0,54.005,9.001,0,0,0,0,0,0,0,0,0,0,0,0,0,0,0,0,0,0,1.389,0,2.778,0,2.778,0,0,0,0,1.852,1.389,0,0,0,0,0,0,0,1.111,0,0,0,0,0,0,0,0,0,0,0,5.556,0,,,,,,,,,,,,,
Cenocorixa,Corixidae,0,0,0,0,0,52,0,0,0,0,0,0,0,0,0,0,0,0,0,0,0,0,0,0,0,0,0,0,0,0,0,0,0,0,0,0,0,0,0,0,0,0,0,0,0,0,0,0,0,0,0,0,0,0,0,0,0,0,0,0,0,0,0,3.584,0,0,0,0,0,0,0,0,0,0,0,0,0,0,0,0,0,0,0,0,0,0,0,0,0,0,0,0,0,0,0,0,0,0,0,0,0,0,0,0,0,0,0,0,0,0,0,0,0,0,0,0,0,0,0,0,0,0,0,0,0,,,,,,,,,,,,,
Centroptilum,Baetidae,0,0,0,17.455,0,0,0,0,0,0,0,0,0,0,0,0,0,0,0,0,0,0,0,0,0,0,0,0,0,0,310.531,0,0,0,0,0,0,0,0,0,0,0,0,0,0,0,0,0,9.001,0,0,0,0,0,0,0,0,0,0,0,0,0,0,0,0,0,0,0,0,0,0,0,0,0,0,0,0,0,0,0,0,0,0,0,0,0,0,0,0,0,0,0,0,0,0,0,0,0,0,0,0,0,0,0,0,0,0,0,0,0,0,0,0,0,0,0,0,0,0,0,0,0,0,0,0,,,,,,,,,,,,,
Ceratopogon,Ceratopogonidae,0,0,0,0,0,0,0,0,0,0,0,0,0,0,16,0,0,0,0,0,0,0,0,0,0,4.5,0,0,0,0,0,0,0,0,0,0,0,0,0,0,0,0,0,0,0,0,0,0,0,0,0,0,0,0,0,0,0,0,0,0,0,0,0,0,0,1.792,0,0,0,0,0,0,0,0,0,0,0,0,0,0,0,0,0,0,0,0,0,0,0,0,0,0,0,0,0,0,0,0,0,0,0,0,0,0,0,0,0,0,0,0,0,0,0,0,0,0,0,0,0,0,0,0,0,0,0,,,,,,,,,,,,,
Ceratopsyche,Hydropsychidae,0,0,0,0,0,0,0,0,0,0,0,0,0,0,0,0,0,0,0,0,0,0,0,0,0,0,0,0,0,0,0,0,0,0,0,0,0,0,0,0,0,0,0,0,0,0,0,0,0,0,0,0,0,0,0,0,0,0,0,0,0,0,0,0,0,0,0,0,0,0,0,0,0,0,0,0,0,0,0,0,0,0,0,9.001,13.501,0,0,0,0,0,0,0,0,0,0,0,0,0,0,0,0,0,0,0,0,0,0,0,0,0,0,0,0,0,0,0,0,0,0,0,0,0,0,0,0,,,,,,,,,,,,,
Chelifera,Empididae,0,0,0,0,0,0,0,0,0,0,0,0,0,0,0,0,0,0,0,0,0,0,0,0,0,0,0,0,0,0,0,0,0,0,0,0,0,0,0,0,0,0,0,0,0,0,0,0,0,0,0,0,0,0,0,0,0,0,0,1.792,43.011,0,0,0,1.792,0,3.584,16.726,0,0,0,0,0,4.5,0,4.5,0,0,0,0,0,0,0,0,0,0,0,0,0,0,0,4.167,2.778,6.944,0,0,0,0,0,0,0,0,0,0,0,0,1.111,0,0,0,0,0,0,0,0,0,0,0,0,0,0,0,0,2.778,2.778,,,,,,,,,,,,,
Cheumatopsyche,Hydrosychidae,0,0,0,0,0,0,0,0,0,0,0,0,0,0,0,0,0,0,0,0,0,0,0,0,0,0,0,0,0,0,81.008,0,40.504,13.501,0,0,0,0,0,0,0,0,0,0,0,0,0,0,0,0,0,0,0,0,0,0,0,0,0,0,0,0,0,0,0,0,0,0,0,0,0,0,0,0,0,0,0,0,0,0,0,0,0,0,0,0,0,0,0,0,0,0,0,0,0,0,0,0,0,0,0,0,0,0,0,0,0,0,0,0,0,0,0,0,0,0,0,0,0,0,0,0,0,0,0,,,,,,,,,,,,,
Chironomidae,Chironomidae,642,1129.6,1152,846.545,1898.667,588,2224,2496,2656,1772,1376,752,2090.667,568,6192,3488,1526.857,2192,4160,526,4074.667,1068.8,2736,1424,2101.71,1399.64,166.517,648.065,184.518,166.517,1219.622,751.575,949.595,1305.131,387.039,67.507,481.548,751.575,94.509,220.522,463.546,211.521,387.039,436.544,256.526,265.527,139.514,436.544,216.022,166.517,76.508,2281.728,958.596,99.01,463.546,432.043,5290.92,1672.043,241.338,4632.616,5106.93,4408.801,49357.228,5715.651,4968.339,2403.823,18305.854,9203.704,782.796,44688.172,166.517,621.062,94.509,306.031,427.543,463.546,324.032,535.554,220.522,1048.605,193.519,936.094,324.032,729.073,279.028,301.53,877.588,243.024,1561.656,34.921,58.333,33.333,89.815,56.944,16.239,43.056,68.056,170.833,30,73.611,57.778,41.111,216.667,72.222,63.889,108.889,6.667,113.58,92.929,21.528,50,113.333,58.889,17.593,31.481,32.407,8.081,17.172,0,18.519,19.444,1.389,9.722,13.889,23.611,,,,,,,,,,,,,
Chrysops,Tabanidae,0,0,0,0,0,0,0,0,0,0,0,0,0,0,0,0,0,0,8,0,0,0,0,0,0,0,0,0,0,0,0,0,0,0,0,0,0,0,0,0,0,0,0,0,0,0,0,0,0,0,0,0,0,0,0,0,0,0,0,0,0,0,0,0,0,0,0,0,0,0,0,0,0,0,0,0,0,0,0,0,0,0,0,0,0,0,0,0,0,0,0,0,0,0,0,0,0,0,0,0,0,0,0,0,0,0,0,0,0,0,0,0,0,0,0,0,0,0,0,0,0,0,0,0,0,,,,,,,,,,,,,
Chyranda,Limnephilidae,0,0,0,0,0,0,0,0,0,0,0,0,0,0,0,0,0,0,0,0,0,0,0,0,0,0,0,0,0,0,0,0,0,0,0,0,0,0,0,0,0,0,0,0,0,0,0,0,0,0,0,0,0,0,0,0,0,0,0,0,0,0,0,0,0,0,0,2.389,0,0,0,0,0,0,0,0,0,0,0,0,0,0,0,0,0,0,0,0,0,0,0,0,0.926,0,0,0,0,0,0,0,0,0,0,0,0,0,0,0,0,0,0,0,0,0,0,0,0,0,0,0,0,0,0,0,0,,,,,,,,,,,,,
Cinygma,Heptageniidae,0,0,0,0,0,0,0,0,0,0,0,0,0,0,0,0,0,0,0,0,0,0,0,0,0,0,0,0,0,0,0,0,0,0,0,0,0,0,0,0,0,0,0,0,0,0,0,0,0,0,0,4.5,0,0,0,0,0,0,0,0,0,0,0,0,0,0,0,0,0,243.728,0,0,0,0,0,0,0,0,0,0,0,0,0,0,0,0,0,0,0,0,0,0,0,0,0,0,0,0,0,0,0,0,0,0,0,0,0,0,0,0,0,0,0,0,0,0.926,0,0,0,0,0,0,0,0,0,,,,,,,,,,,,,
Cinygmula,Heptageniidae,0,0,0,0,0,0,0,0,0,20,0,0,0,0,240,0,0,48,24,4,0,0,0,24,0,0,0,0,0,0,0,0,0,0,0,0,0,0,0,0,0,0,0,0,0,0,0,0,0,0,0,0,0,0,0,0,0,0,0,0,0,0,76.464,0.597,0,0,56.153,21.505,19.514,105.137,0,0,0,0,0,0,0,0,0,0,0,0,0,0,0,0,0,0,0,0,0,0,1.852,6.944,0,0,0,0,0,0,0,0,0,0,0,0,0,0,0,0,0,4.444,0,0,0,1.852,2.02,0,0,0,0,0,0,0,0,,,,,,,,,,,,,
Claassenia,Perlidae,0,0,0,0,0,0,0,0,0,0,0,0,0,0,0,0,0,0,0,0,0,0,0,0,0,0,0,0,0,0,49.505,18.002,0,9.001,0,0,0,0,0,0,0,0,0,0,0,0,0,0,0,0,0,0,0,0,0,0,0,0,0,0,0,0,0,0,0,0,0,0,0,0,0,0,0,0,0,0,0,0,0,0,0,0,0,0,0,0,0,0,0,0,0,0,0,0,0,0,0,0,0,0,0,0,0,0,0,0,0,0,0,0,0,0,0,0,0,0,0,0,0,0,0,0,0,0,0,,,,,,,,,,,,,
Cleptelmis,Elmidae,0,0,0,0,0,0,0,0,0,0,0,0,0,0,0,0,0,0,0,74,0,0,0,304,0,0,0,0,0,0,45.005,0,0,0,0,0,0,0,0,0,0,0,0,0,0,0,0,0,0,0,0,0,0,0,0,0,0,0,0,0,0,0,0,0,0,0,0,0,0,0,0,4.5,0,0,0,0,0,0,0,0,0,0,0,40.504,9.001,0,0,0,0,0,0,0,0,0,0,0,0,0,0,0,0,0,0,0,0,0,0,0,1.01,0,1.389,2.222,0,2.778,0,1.852,0,3.03,0,0,4.167,0,0,0,0,,,,,,,,,,,,,
Clinocera,Empididae,0,0,0,0,10.667,0,0,25.6,0,4,0,0,0,0,336,0,0,16,0,0,0,0,0,0,0,0,0,0,0,0,0,0,0,0,0,0,0,0,0,0,0,0,0,0,0,0,0,0,0,0,0,0,0,0,0,0,0,0,0,2.389,0,37.435,28.674,1.792,2.987,5.376,0,2.389,3.982,81.243,0,0,0,0,0,0,0,0,0,0,0,0,0,0,0,0,0,0,0,0,0,0,0,0,0,1.389,0,0,0,1.389,1.111,0,0,0,0,0,0,0,0,0,0,0,0,0,0,0,0,0,0,0,0,0,0,0,0,,,,,,,,,,,,,
Culicoides,Ceratopogonidae,0,0,0,0,0,0,0,0,0,0,0,0,0,0,0,0,0,0,8,28,0,6.4,0,0,0,0,0,0,0,0,0,0,0,0,0,0,0,0,0,0,0,0,0,0,0,0,0,0,0,0,0,0,0,0,0,0,0,0,0,0,0,0,0,0,0,0,1.195,0,0,0,0,0,0,0,0,0,0,0,0,0,0,0,0,0,0,0,0,0,0,0,0,0,0,0,0,0,0,0,0,0,0,0,0,0,0,0,0,0,0,0,0,0,0,0,0.926,0,1.01,0,0,0,0,0,0,0,0,,,,,,,,,,,,,
Culiseta,Culisidae,0,0,0,0,0,0,0,0,0,0,0,0,0,0,0,0,0,0,0,0,0,0,0,0,0,0,0,0,0,0,0,0,0,0,0,0,0,0,0,0,0,0,0,0,0,0,0,0,0,0,0,0,0,0,0,0,0,0,0,0,0,0,0,1.792,0,0.597,0,0,0,0,0,0,0,0,0,0,0,0,0,0,0,0,0,0,0,0,0,0,0,0,0,0,0,0,0,0,0,0,0,0,0,0,0,0,0,0,0,0,0,0,0,0,0,0,0,0,0,0,0,0,0,0,0,0,0,,,,,,,,,,,,,
Cultus,Perlodidae,0,0,0,0,0,0,0,0,0,20,0,0,0,0,0,0,9.143,0,0,0,0,0,0,0,0,0,0,0,0,0,0,0,0,0,0,0,0,0,0,0,0,0,0,0,0,0,0,0,0,0,0,0,0,0,0,0,0,0,0,0,0,0,0,0,0,0,0,0,0,0,0,0,0,0,0,0,0,0,0,0,0,0,0,0,0,0,0,0,0,0,0,0,0,0,0,0,0,0,0,0,0,0,0,0,0,0,0,0,0,0,0,0,0,0,0,0,0,0,0,0,0,0,0,0,0,,,,,,,,,,,,,
Desmona,Limnephilidae,0,3.2,0,0,0,0,8,0,5.333,0,0,0,0,0,0,0,0,0,0,0,0,0,16,0,0,9.001,0,0,0,0,0,0,0,0,0,49.505,0,76.508,4.5,0,0,0,0,0,0,0,0,0,0,0,0,0,0,0,0,0,6.571,12.545,7.766,0,0,0,0,0.597,6.571,10.753,0,0,0,0,13.501,0,0,0,0,0,0,0,0,0,0,0,0,0,0,0,0,0,0,0,0,0,0,0,0,0,0,0,0,0,0,0,0,0,0,0,0,0,0,0,0,0,0,0,0,0,0,0,0,0,0,0,0,0,0,,,,,,,,,,,,,
Despaxia,Leuctridae,0,0,0,0,0,0,0,0,0,0,0,0,0,0,0,0,0,8,8,0,0,0,0,16,0,0,0,0,0,0,0,0,0,0,0,0,0,0,0,0,0,0,0,0,0,0,0,0,0,0,0,0,0,0,0,0,0,0,0,0,0,0,0,0,0,0,0,0,0,0,0,0,0,0,0,0,0,0,0,0,0,0,0,0,0,0,0,0,0,0,0,0,0,0,0,0,0,0,0,0,0,0,0,0,0,0,0,0,0,0,0,0,0,0,0,0,0,0,0,0,0,0,0,0,0,,,,,,,,,,,,,
Dicosmoecus,Limnephilidae,0,0,0,0,0,6,0,0,5.333,8,2.909,0,21.333,3.2,16,10.667,9.143,0,0,2,21.333,6.4,0,0,0,0,0,0,0,0,0,0,0,0,0,0,0,0,0,0,0,0,0,0,0,0,0,0,0,0,0,0,0,0,0,0,0,0,0,12.545,3.584,5.575,0,0,4.182,0,3.584,0,0,0,0,0,0,0,0,0,0,0,0,0,0,0,0,0,0,0,0,0,0,0,0,0,0,0,0,0,0,0,0,0,0,0,0,0,0,0,0,0,0,0,0,0,0,0,0,0,0,0,0,0,0,0,0,0,0,,,,,,,,,,,,,
Dicranota,Tipulidae,0,0,4,0,0,0,0,6.4,5.333,12,0,0,0,0,0,21.333,9.143,0,0,2,21.333,0,16,16,0,0,0,0,0,0,0,0,0,0,0,13.501,13.501,31.503,0,0,4.5,0,0,4.5,0,0,0,0,0,0,0,0,0,0,0,0,0,1.792,0,2.389,3.584,0,0,0.597,5.376,0,2.389,2.389,0,0,0,0,0,0,0,0,0,9.001,0,0,0,0,0,0,0,0,0,0,0,3.175,0,0,0,0,0,0,0,0,0,0,0,0,0,0,0,0,0,0,0,0,1.389,0,0,0,0,0,0,0,0,7.407,0,0,0,0,0,,,,,,,,,,,,,
Diphetor,Baetidae,0,0,0,0,10.667,0,0,0,0,0,0,0,0,0,0,0,0,0,0,0,0,0,0,0,0,0,0,0,0,49.505,522.052,0,0,0,9.001,31.503,0,0,0,0,0,0,18.002,4.5,0,0,4.5,0,0,0,0,9.001,0,0,0,0,0,0,0,0,124.253,95.579,133.811,0,0,0,33.453,82.437,64.755,358.423,0,13.501,0,0,18.002,13.501,13.501,31.503,0,4.5,4.5,49.505,0,90.009,0,9.001,0,0,0,0,4.167,0,4.63,2.778,2.564,0,0,6.944,4.444,9.722,0,0,0,0,0,0,0,0,0,0,1.389,0,0,0,0,0,0,2.02,0,0,0,0,0,0,0,,,,,,,,,,,,,
Dixa,Dixidae,0,0,0,0,0,0,0,0,0,0,0,0,0,0,0,0,0,0,0,0,0,0,0,0,0,0,0,0,0,0,0,0,0,0,0,0,0,0,0,0,0,0,0,0,0,0,0,0,0,0,0,0,0,0,0,0,0,0,0,0,0,0,0,0,0,0,0,0,0,52.569,0,0,0,0,0,0,0,0,0,0,0,0,0,0,0,0,0,0,0,0,0,0,0,0,0,0,0,0,0,0,0,0,0,0,0,0,0,0,0,0,0,0,0,0,0,0,0,0,0,3.704,0,0,0,0,0,,,,,,,,,,,,,
Dolichopus,Dolichopodidae,0,0,0,0,0,0,0,0,0,0,0,0,0,0,0,0,0,0,0,0,0,0,0,0,0,0,0,0,0,0,0,0,0,0,0,0,0,0,0,0,0,0,0,0,0,0,0,0,0,0,0,0,0,0,0,0,0,0,0,0,0,0,0,1.195,0,0,0,0,0,0,0,0,0,0,0,0,0,0,0,0,0,0,0,0,0,0,0,0,0,0,0,0,0,0,0,0,0,0,0,0,0,0,0,0,0,0,0,0,0,0,0,0,0,0,0,0,0,0,0,0,0,0,0,0,0,,,,,,,,,,,,,
Doroneuria,Perlidae,0,0,0,0,10.667,0,0,0,0,0,0,0,64,0,0,10.667,0,144,8,0,0,0,0,0,0,0,0,0,0,0,31.503,0,0,0,0,0,0,0,0,0,9.001,0,0,0,0,0,0,0,0,0,0,0,0,0,0,0,0,0,0,8.363,62.127,19.116,267.622,0,0,0,25.09,93.19,26.284,434.886,0,0,0,0,0,0,0,0,0,0,0,18.002,0,0,0,0,0,0,0,0,0,1.389,5.556,1.389,0,8.333,0,4.167,0,2.778,2.222,0,0,0,0,1.111,0,0,0,0,1.389,0,2.222,0.926,5.556,6.481,5.051,10.101,0,3.704,0,1.389,1.389,1.389,2.778,,,,,,,,,,,,,
Drunella,Ephemerellidae,0,0,0,0,10.667,0,0,0,0,12,0,0,0,0,128,0,0,80,16,0,0,0,0,8,9.001,36.004,0,0,4.5,0,0,0,4.5,0,0,0,0,0,0,0,0,0,0,0,0,0,0,0,0,0,0,0,0,0,4.5,18.002,0,0,0,0,0,2.389,9.558,0,0,0,0,2.389,1.195,0,0,0,4.5,22.502,0,0,0,0,0,0,0,0,0,0,0,0,0,0,0,0,0,0,0,0,0,0,1.389,0,1.111,0,0,0,1.852,0,0,0,0,0,0,0,1.389,0,3.333,2.778,0.926,2.778,0,8.081,0,0,2.778,1.389,8.333,4.167,1.389,,,,,,,,,,,,,
Ecclisomyia,Limnephilidae,0,0,0,0,0,0,0,0,0,0,0,5.333,0,0,0,0,36.571,0,0,0,0,0,0,0,0,0,0,0,0,0,0,0,0,0,0,0,0,0,0,0,0,0,0,0,4.5,0,0,0,0,0,0,4.5,0,0,0,4.5,0,0,0,0,0,0,28.674,0,0,1.792,0,0,2.867,14.337,0,0,0,0,0,0,0,0,0,0,0,0,0,0,0,4.5,0,0,0,0,0,0,0,0,0,0,0,0,0,0,1.111,0,0,0,0,0,0,0,0,0,0,0,0,0,0,0,0,0,0,0,0,0,0,0,0,,,,,,,,,,,,,
Epeorus,Heptageniidae,0,0,0,0,0,0,0,0,0,0,0,0,0,0,0,0,0,0,0,0,0,0,0,0,0,0,0,0,0,0,0,0,0,0,0,0,0,0,0,0,0,0,0,0,0,0,0,0,9.001,0,0,0,0,0,0,0,0,0,0,5.974,4.779,23.895,0,0,0,0,0,0,6.77,9.558,0,9.001,0,0,4.5,0,0,0,0,0,0,0,0,0,0,0,0,0,9.001,0,0,0,2.778,6.944,1.709,8.333,0,26.389,0,31.944,6.667,0,9.259,6.944,0,0,0,1.235,5.051,1.389,8.333,8.889,7.778,0.926,1.852,1.852,0,6.061,0,0,1.389,8.333,8.333,6.944,6.944,,,,,,,,,,,,,
Ephemerella,Ephemerellidae,0,0,0,0,0,0,0,0,0,0,0,0,0,0,0,0,0,0,0,0,0,0,0,0,0,0,0,0,0,0,9.001,0,0,13.501,0,0,0,0,0,0,0,0,0,0,0,0,0,0,0,0,0,0,0,0,0,0,0,0,0,0,0,0,19.116,0,0,0,0,0,0,0,0,0,0,0,0,0,0,0,0,4.5,0,0,0,0,0,0,0,0,0,0,0,0,0,0,0,0,0,0,1.111,2.778,2.222,0,0,0,20.37,7.778,0,0,0,0,0,0,0,0,0,0,0,0,0,0,0,2.778,0,0,4.167,,,,,,,,,,,,,
Euhirudinea,Hirudinea,2,0,0,0,0,0,0,0,0,0,0,0,0,0,0,0,0,0,0,0,0,0,0,0,0,0,0,0,0,0,0,0,0,0,0,0,0,0,0,0,0,0,0,0,0,0,0,0,0,0,0,0,0,0,0,0,0,0,0,0,0,0,0,0,0,0,0,0,0,0,0,0,0,0,0,0,0,0,0,0,0,0,0,0,0,0,0,0,0,0,0,0,0,0,0,0,0,0,0,0,0,0,0,0,0,0,0,0,0,0,0,0,0,0,0,0,0,0,0,0,0,0,0,0,0,,,,,,,,,,,,,
Forcipomyia,Ceratopohonidae,2,0,0,0,0,0,0,0,0,0,0,0,0,0,0,0,0,0,0,0,0,0,0,0,0,0,0,0,0,0,0,0,0,0,0,0,0,0,0,0,0,0,0,0,0,0,0,0,0,0,0,0,0,0,0,0,0,0,0,0,0,0,0,0,0,0,0,0,0,0,0,0,0,0,0,0,0,0,0,0,0,0,0,0,0,0,0,0,0,0,0,0,0,0,0,0,0,0,0,0,0,0,0,0,0,0,0,0,0,0,0,0,0,0,0,0,0,0,0,0,0,0,0,0,0,,,,,,,,,,,,,
Glutops,Pelecorhynchidae,0,0,0,0,0,2,0,0,0,0,0,0,0,0,0,0,0,0,0,0,0,0,0,0,0,0,0,0,0,0,0,0,0,0,0,0,0,0,0,0,0,0,0,0,0,0,0,0,0,0,0,0,0,0,0,0,0,0,0,0,0,0,0,0,0,0,0,0,0,0,0,0,0,0,0,0,0,0,0,0,0,0,0,0,0,0,0,0,0,0,0,0,0,0,0,0,0,0,0,0,0,0,0,0,0,0,0,0,0,0,0,0,0,0,0,0,0,0,0,0,0,0,0,0,0,,,,,,,,,,,,,
Graptocorixa,Hungerford,0,0,0,0,0,0,0,0,0,0,0,0,0,0,0,0,0,0,0,0,0,0,0,0,0,0,0,0,0,0,0,0,0,0,0,0,0,0,0,0,0,0,0,0,0,0,0,0,0,0,0,0,0,0,0,0,0,0,0,0,0,0,0,0,1.792,0,0,0,0,0,0,0,0,0,0,0,0,0,0,0,0,0,0,0,0,0,0,0,0,0,0,0,0,0,0,0,0,0,0,0,0,0,0,0,0,0,0,0,0,0,0,0,0,0,0,0,0,0,0,0,0,0,0,0,0,,,,,,,,,,,,,
Haploperla,Chloroperlidae,0,0,0,0,0,0,0,0,0,0,0,0,0,0,0,0,0,0,0,0,0,0,0,0,0,0,0,0,0,0,0,0,0,0,0,0,0,0,0,0,0,0,0,0,0,0,0,0,0,0,0,0,0,0,0,0,0,0,0,0,0,0,28.674,0,0,0,0,0,0,0,0,0,0,0,0,0,0,0,0,0,0,0,0,0,0,0,0,0,0,0,0,0,0,0,0,0,0,0,0,0,0,0,0,0,0,0,0,0,0,0,0,0,0,0,0,0,0,0,0,0,0,0,0,0,0,,,,,,,,,,,,,
Helodon,Simuliidae,0,0,0,0,0,0,0,0,0,0,0,0,0,0,0,0,0,0,0,0,0,0,0,0,0,0,27.003,99.01,1197.12,175.518,94.509,369.037,0,9.001,94.509,0,0,0,0,0,0,0,0,0,0,0,0,0,0,0,0,0,0,0,0,0,0,0,0,0,0,0,0,0,0,0,0,0,0,0,990.099,0,144.014,4.5,0,0,0,0,4.5,49.505,0,0,0,0,0,0,0,0,0,0,0,0,0,0,0,0,0,0,0,0,0,0,0,0,0,0,0,0,0,0,0,0,0,0,0,0,0,0,0,0,0,0,0,0,0,,,,,,,,,,,,,
Hemerodromia,Empididae,0,0,0,0,0,0,0,0,0,4,0,0,0,0,0,0,0,8,0,0,0,0,0,0,0,0,0,0,0,0,0,0,0,0,0,0,0,0,0,0,0,0,0,0,0,0,0,0,0,0,0,0,0,0,0,0,0,0,0,0,0,0,0,0,0,0,0,0,0,0,0,0,0,0,0,0,0,0,0,0,0,0,0,0,0,0,0,0,0,0,0,0,0,0,0,0,0,0,0,0,0,0,0,0,0,0,0,0,0,0,0,0,0,0,0,0,0,0,0,0,0,0,0,0,0,,,,,,,,,,,,,
Hesperoperla,Perlidae,0,0,0,0,0,0,0,0,0,0,0,0,0,0,0,0,0,0,0,0,0,0,0,0,0,0,0,0,0,9.001,0,0,0,0,0,0,0,0,0,0,0,0,0,0,0,0,0,0,4.5,0,0,0,0,0,0,0,0,0,0,0,0,0,0,0,0,0,0,0,0,0,0,0,0,0,0,0,0,0,0,0,0,0,0,0,0,0,0,0,0,0,0,0,0,0,0,0,0,0,0,2.778,2.222,0,46.296,2.778,0,0,0,0,2.02,0,0,3.333,1.111,0.926,2.778,0,0,2.02,0.926,0,0,0,0,0,0,,,,,,,,,,,,,
Heterlimnius,Elmidae,0,0,0,0,0,0,0,0,0,0,0,0,0,0,0,0,0,320,88,0,0,0,0,0,0,0,0,0,0,0,0,0,0,0,0,0,0,0,0,0,0,0,0,0,0,0,0,0,0,0,0,0,0,0,49.505,243.024,0,0,0,245.52,236.559,169.654,7598.566,0,0,0,0,0,0,0,0,58.506,0,0,0,171.017,81.008,76.508,9.001,117.012,0,18.002,0,0,0,0,0,0,0,0,0,0,0.926,0,0,0,0,0,1.111,2.778,12.222,23.333,75.926,23.611,5.556,3.333,22.222,4.938,4.04,4.861,6.944,11.111,2.222,0,0,0,0,0,0,0,8.333,6.944,2.778,4.167,0,,,,,,,,,,,,,
Heteroplectron,Calamoceratidae,0,0,0,0,0,0,0,0,0,0,0,0,0,0,0,0,0,0,0,0,0,0,0,0,4.5,0,0,0,9.001,0,0,0,0,0,0,0,0,0,0,0,0,0,0,0,0,0,0,0,0,0,0,0,0,0,0,0,0,0,0,0,0,0,0,0,0,0,0,0,0,0,0,0,0,0,0,0,0,0,0,0,0,0,0,0,0,0,0,0,0,0,0,0,0,0,0,0,0,0,0,0,0,0,0,0,0,0,0,0,0,0,0,0,0,0,0,0,0,0,0,0,0,0,0,0,0,,,,,,,,,,,,,
Hexatoma,Tipulidae,0,0,0,0,0,0,0,0,0,0,0,0,0,0,0,0,0,0,0,2,0,0,0,0,0,0,0,0,0,0,0,0,0,0,0,0,0,0,0,0,0,0,0,0,0,0,0,0,0,0,0,0,0,0,0,0,0,0,0,0,0,0,0,0,0,0,0,0,0,0,0,0,0,0,0,0,0,0,0,0,0,0,0,0,0,0,0,0,0,0,0,0,0,0,0,0,0,0,0,0,0,0,0,0,0,0,0,0,0,0,0,0,0,0,0,0,0,0,0,0,0,0,0,0,0,,,,,,,,,,,,,
Hirudinea,,0,0,0,0,0,0,0,0,0,0,0,0,0,0,0,0,0,0,0,0,0,0,0,0,0,0,0,0,0,0,0,0,0,0,0,0,0,0,0,0,0,0,0,0,0,0,0,0,0,0,0,0,0,0,0,0,0,0,0,0,0,0,0,0,0,0,0,0,0,0,0,0,0,0,0,0,0,9.001,0,0,0,0,0,0,0,0,0,0,0,0,0,0,0,0,0,0,0,0,0,0,0,0,0,0,0,0,0,0,0,0,0,0,0,0,0,0,0,0,0,0,0,0,0,0,0,,,,,,,,,,,,,
Hydra,Hydridae,0,0,0,0,0,0,0,0,0,0,0,0,0,0,0,0,0,0,0,0,64,0,0,0,0,0,0,0,0,0,0,0,0,0,0,0,0,0,0,0,0,0,0,0,0,0,0,0,0,0,0,0,0,0,0,0,0,0,0,0,0,0,0,0,0,0,0,0,0,0,0,0,0,0,0,0,0,0,0,0,0,0,0,0,0,0,0,0,0,0,0,0,0,0,0,0,0,0,0,0,0,0,0,0,0,0,0,0,0,0,0,0,0,0,0,0,0,0,0,0,0,0,0,0,0,,,,,,,,,,,,,
Hydroporus,Dytiscidae,0,0,0,0,0,0,0,0,0,0,0,0,0,0,0,0,0,0,0,0,0,0,0,0,0,0,0,0,0,0,0,0,0,0,0,0,0,0,0,0,0,0,0,0,0,0,0,0,0,0,0,0,0,0,0,0,0,0,0,0,0,0,0,10.753,0,0,0,0,0,0,0,0,0,0,0,0,0,0,0,0,0,0,0,0,0,0,0,0,0,0,0,0,0,0,0,0,0,0,0,0,0,0,0,0,0,0,0,0,0,0,0,0,0,0,0,0,0,0,0,0,0,0,0,0,0,,,,,,,,,,,,,
Hydropsyche,Hydropsychidae,0,0,0,0,0,0,0,0,0,0,0,0,0,0,0,0,0,0,0,0,0,0,0,0,0,0,0,0,0,0,9.001,0,9.001,4.5,4.5,0,0,0,0,0,0,0,0,0,0,0,0,0,0,0,0,0,0,0,0,0,0,0,0,0,0,0,0,0,0,0,0,0,0,0,0,0,0,0,0,0,0,0,0,0,0,9.001,0,0,0,0,0,0,0,0,0,0,0,0,0,0,4.167,4.167,11.111,50,3.333,0,0,2.778,0,0,0,0,0,3.472,8.333,4.444,0,0.926,2.778,0,0,6.061,0,0,0,6.944,5.556,9.722,11.111,,,,,,,,,,,,,
Hypsibius,Eutardigrada,0,0,0,0,0,0,0,0,0,0,0,0,0,0,0,0,0,0,0,0,0,0,0,0,0,0,0,0,0,0,0,0,0,0,0,0,0,0,0,0,0,0,0,0,0,0,0,0,0,0,0,0,0,0,0,0,0,62.724,0,0,0,0,0,0,3.584,0,0,0,0,0,0,0,0,0,0,0,0,0,0,0,0,0,0,0,0,0,0,0,0,0,0,0,0,0,0,0,0,0,0,0,0,0,0,0,0,0,0,0,0,0,0,0,0,0,0,0,0,0,0,0,0,0,0,0,0,,,,,,,,,,,,,
Ironodes,Heptageniidae,0,0,4,0,0,0,48,0,0,0,5.818,0,0,0,0,21.333,18.286,0,0,0,0,0,32,24,13.501,13.501,0,0,0,0,9.001,0,0,0,0,0,0,0,0,0,0,0,0,0,0,0,0,0,58.506,0,0,0,0,0,0,0,0,0,0,0,0,6.372,0,0,0,0,0,0,0,0,0,0,0,0,0,0,0,9.001,0,9.001,0,0,0,0,0,0,0,0,0,0,0,0,0,0,0,0,8.333,6.944,15.556,5.556,2.222,0,0,1.389,0,1.111,0,0,2.02,0,1.389,1.111,0,0,0,0,1.01,0,0,0,0,0,0,0,2.778,,,,,,,,,,,,,
Isoperla,Perlodidae,0,0,0,0,0,0,0,0,0,0,0,0,0,0,0,0,0,0,0,0,0,0,0,0,0,0,0,0,0,0,27.003,0,0,0,0,0,0,0,0,0,0,0,0,0,0,0,0,0,0,0,0,0,0,0,0,0,0,0,0,0,0,0,0,0,0,0,0,0,0,0,0,0,0,0,0,0,0,0,0,0,0,0,0,0,0,0,0,0,0,0,0,0,0,1.389,0,0,0,0,0,0,0,0,0,0,0,0,0,0,0,0,0,0,0,0,0,0,0,0,0,0,0,0,0,0,0,,,,,,,,,,,,,
Kogotus,Perlodidae,0,0,0,0,0,0,0,0,0,0,0,0,0,0,0,0,0,0,0,0,0,0,0,0,0,0,0,0,0,0,0,0,0,0,0,0,0,0,0,0,0,0,0,0,0,0,0,0,0,0,0,0,0,0,0,0,0,0,0,0,0,0,0,0,0,0,0,0,0,0,0,0,0,0,0,0,0,0,0,0,0,0,0,13.501,0,0,4.5,0,0,0,0,0,0,0,0,0,0,0,0,0,0,0,0,0,0,0,0,0,0,0,0,0,0,0,0,0,0,0,0,0,0,0,0,0,0,,,,,,,,,,,,,
Lednia,Nemouridae,0,0,0,0,0,0,0,0,0,0,0,0,0,0,0,0,0,0,0,0,0,0,0,0,234.023,22.502,0,0,0,0,0,0,0,0,0,0,0,0,0,0,0,0,0,0,0,0,0,0,0,0,0,0,0,0,0,0,0,0,0,0,0,0,0,0,0,0,0,0,0,0,0,0,0,0,0,0,0,0,0,0,0,0,0,0,0,0,0,0,0,0,0,0,0,0,0,0,0,0,0,0,0,0,0,0,0,0,0,0,0,0,0,0,0,0,0,0,0,0,0,0,0,0,0,0,0,,,,,,,,,,,,,
Lepidostoma,Lepidostomatidae,0,0,0,0,0,0,0,0,0,0,0,0,0,0,0,0,0,0,0,0,0,0,0,0,0,0,0,0,0,0,0,0,0,0,0,0,0,0,0,0,0,0,0,0,0,0,0,0,0,0,0,0,0,0,0,0,0,0,0,0,0,0,0,0,0,0,0,0,0,0,0,9.001,0,0,0,13.501,0,0,0,4.5,0,18.002,0,0,0,0,0,0,0,0,0,0,0,0,0,0,0,0,0,0,3.333,0,0,0,0,0,0,0,0,0,0,0,0,0,0,0,0,0,0,0,0,0,0,0,0,,,,,,,,,,,,,
Leucorrhinia,Libellulidae,0,0,0,0,0,0,0,0,0,0,0,0,0,0,0,0,0,0,0,0,0,0,0,0,0,0,0,0,0,0,0,0,0,0,0,0,0,0,0,0,0,0,0,0,0,0,0,0,0,0,0,0,0,0,0,0,0,0,0,0,0,0,0,0,0,0,0,0,0,0,0,0,0,0,0,0,0,0,0,0,0,0,4.5,0,0,0,0,0,0,0,0,0,0,0,0,0,0,0,0,0,0,0,0,0,0,0,0,0,0,0,0,0,0,0,0,0,0,0,0,0,0,0,0,0,0,,,,,,,,,,,,,
Limnophila,Tipulidae,0,0,0,0,0,0,0,0,0,0,2.909,0,0,0,16,0,0,16,24,6,0,0,0,0,0,0,0,0,0,0,0,0,0,0,0,0,0,0,0,0,0,0,0,0,0,0,0,0,0,0,0,0,0,0,0,0,0,0,0,0,0,0,0,0,0,0,0,0,0,0,0,0,0,0,0,0,0,0,0,0,0,0,0,0,0,0,0,0,0,0,0,0,0,0,0,0,0,0,0,0,0,0,0,0,0,0,0,0,0,0,0,0,0,0,0,0,0,0,0,0,0,0,0,0,0,,,,,,,,,,,,,
Limnophora,Muscidae,2,19.2,24,5.818,0,0,48,25.6,10.667,0,0,0,0,6.4,16,32,9.143,0,0,0,128,6.4,80,0,0,0,0,0,0,0,0,0,0,0,0,0,0,0,0,0,0,0,0,0,0,0,0,0,0,0,0,0,0,0,0,0,22.103,19.713,0,4.779,2.389,2.389,57.348,85.424,43.011,0,4.779,9.558,0,43.011,0,0,0,0,0,0,0,0,0,0,0,0,0,0,0,0,0,0,0,0,0,0,0,0,0,0,0,0,0,0,0,0,0,0,0,0,0,0,0,0,0,0,0,0,0,0,0,0,0,0,0,0,0,0,0,,,,,,,,,,,,,
Limonia,Tipulidae,0,0,0,0,0,0,0,0,0,0,0,0,0,0,0,0,0,0,0,0,0,0,0,0,0,0,0,0,0,0,0,0,0,0,0,0,0,0,0,0,0,0,0,0,0,0,0,0,0,0,0,0,0,0,0,0,0,0,0,0,0,0,0,0,6.571,1.792,0,0,0,0,0,0,0,0,0,0,0,0,0,0,0,0,0,0,0,0,0,0,0,0,0,0,0,0,0,0,0,0,0,0,0,0,0,0,0,0,0,0,0,0,0,0,0,0,0,0,0,0,0,0,0,0,0,0,0,,,,,,,,,,,,,
Malenka,Nemouridae,0,0,0,0,0,0,0,0,0,0,0,0,0,0,0,0,0,0,0,0,0,0,0,48,0,0,0,0,0,0,0,0,0,4.5,4.5,0,0,0,0,0,0,0,0,0,0,0,0,0,0,0,0,0,0,0,4.5,22.502,0,0,0,0,0,0,0,0,0,0,0,0,0,0,0,4.5,0,0,31.503,0,0,0,0,0,0,22.502,0,0,0,0,0,0,0,0,0,0,0,0,0,0,15.278,79.167,14.444,6.944,8.889,24.444,137.037,37.5,0.926,5.556,1.111,4.938,12.121,0.694,5.556,1.111,5.556,0,0,0,0,0,0,55.556,11.111,1.389,0,0,0,,,,,,,,,,,,,
Megarcys,Perlodidae,0,0,0,0,0,0,0,0,0,0,0,0,0,0,0,0,0,0,0,0,0,0,0,0,0,0,0,0,0,0,0,0,0,0,0,0,0,0,0,0,0,0,0,0,0,0,0,0,0,0,0,0,0,0,0,0,0,0,0,0,0,0,0,0,0,0,0,0,0,0,0,0,0,0,4.5,0,0,0,0,0,0,0,0,0,0,0,0,0,0,0,0,0,0,0,0,0,0,0,0,0,0,0,0,0,0,0,0,0,0,0,0,0,0,0,0,0,0,0,0,0,0,0,0,0,0,,,,,,,,,,,,,
Metacnephia,Simuliidae,0,0,0,0,0,0,0,0,0,0,0,0,0,0,0,0,0,0,0,0,0,0,0,0,0,0,0,0,0,0,0,0,0,0,0,0,0,0,0,0,0,0,0,0,0,0,0,0,0,0,0,0,0,0,0,0,0,0,0,0,0,0,0,1.792,3.584,0,0,0,0,0,0,0,0,0,0,0,0,0,0,0,0,0,0,0,0,0,0,0,0,0,0,0,0,0,0,0,0,0,0,0,0,0,0,0,0,0,0,0,0,0,0,0,0,0,0,0,0,0,0,0,0,0,0,0,0,,,,,,,,,,,,,
Micrasema,Brachycentridae,0,0,0,0,0,0,0,0,0,0,0,0,85.333,0,0,0,0,16,0,0,0,0,0,0,0,0,0,0,0,0,0,0,0,0,0,0,0,0,0,0,0,0,0,0,0,0,0,0,0,0,0,0,0,0,0,0,0,0,0,0,0,0,0,0,0,0,0,0,4.381,0,0,0,0,0,0,0,0,0,0,0,0,0,13.501,0,0,0,0,0,0,0,0,0,0,2.778,0,0,0,8.333,17.778,8.333,4.444,0,11.111,8.333,0.926,0,0,0,0,0,0,0,0,0,0,0,0,0,0,0,0,0,0,0,0,,,,,,,,,,,,,
Monohelea,Ceratopogonidae,0,0,0,0,0,0,0,0,0,0,0,0,0,1.6,0,0,9.143,0,0,0,0,0,0,0,0,0,0,0,0,0,0,0,0,0,0,0,0,0,0,0,0,0,0,0,0,0,0,0,0,0,0,0,0,0,0,0,0,0,0,0,0,0,0,0,2.987,0,0,0,0,0,0,0,0,0,0,0,0,0,0,0,0,0,0,0,0,0,0,0,0,0,0,0,0,0,0,0,0,0,0,0,0,0,0,0,0,0,0,0,0,0,0,0,0,0,0,0,0,0,0,0,0,0,0,0,0,,,,,,,,,,,,,
Monophilus,Limoniidae,0,0,0,0,0,0,8,0,0,0,0,0,0,0,0,0,0,0,0,0,0,0,0,0,0,0,0,0,0,0,0,0,0,0,0,0,0,0,0,0,0,0,0,0,0,0,0,0,0,0,0,0,0,0,0,0,0,0,2.389,0,0,0,0,0,0,0,0,0,0,0,0,0,0,0,0,0,0,0,0,0,0,0,0,0,0,0,0,0,0,0,0,0,0,0,0,0,0,0,0,0,0,0,0,0,0,0,0,0,0,0,0,0,0,0,0,0,0,0,0,0,0,0,0,0,0,,,,,,,,,,,,,
Muscidae,Muscidae,0,0,0,0,0,0,0,0,0,0,0,0,0,0,0,0,0,0,0,0,0,0,0,0,4.5,0,0,0,0,0,0,4.5,0,0,0,0,4.5,0,0,0,0,0,0,0,0,0,0,0,0,0,0,0,0,0,0,0,0,0,0,0,0,0,0,0,0,1.792,0,0,0,0,0,4.5,0,0,0,0,0,0,0,4.5,0,0,0,0,0,0,0,0,0,0,0,0,0,0,0,0,1.389,0,0,0,0,0,0,0,0,0,0,0,0,0,0,0,0,0,0,0,0,0,0,0,0,0,0,0,0,,,,,,,,,,,,,
Nectopsyche,Leptoceridae,0,0,0,0,0,0,0,0,0,0,0,0,0,0,0,0,0,0,0,0,0,0,0,0,0,0,0,0,0,0,0,0,0,0,0,0,0,0,0,0,0,0,0,0,0,0,0,0,0,0,0,0,0,0,0,0,0,0,0,0,0,0,0,0,0,0,0,0,0,0,0,0,0,0,0,0,0,0,0,0,0,0,0,0,49.505,0,0,0,0,0,0,0,0,0,0,0,0,0,0,0,0,0,0,0,0,0,0,0,0,0,0,0,0,0,0,0,0,0,0,0,0,0,0,0,0,,,,,,,,,,,,,
Nematomorpha,,0,0,0,0,0,0,0,0,0,0,0,0,0,0,0,0,0,0,0,0,0,0,0,0,0,13.501,0,0,0,0,0,0,0,0,0,0,0,0,67.507,0,0,0,0,0,0,0,0,0,0,0,0,0,13.501,0,0,0,0,0,0,0,0,0,0,0,0,0,0,0,0,0,0,0,31.503,18.002,9.001,0,0,9.001,0,0,0,0,0,0,0,0,0,0,0,0,0,0,0,0,0,0,0,0,2.222,0,0,0,0,1.389,0,0,0,0,0,0,0,0,0,0,0,0,0,0,0,0,0,0,0,0,0,,,,,,,,,,,,,
Nemertea,,0,0,0,0,0,0,0,0,0,0,0,0,0,0,0,0,0,0,0,0,0,0,0,0,0,0,22.502,0,0,0,31.503,27.003,0,0,0,0,0,0,0,0,0,0,0,0,0,0,0,0,0,0,0,0,0,0,0,0,0,0,0,0,0,0,0,0,0,0,0,0,0,0,0,0,0,0,0,0,0,0,0,0,0,0,0,0,0,0,0,0,0,0,0,0,0,0,0,0,0,0,0,0,0,0,0,0,0,0,0,0,0,0,0,0,0,0,0,0,0,0,0,0,0,0,0,0,0,,,,,,,,,,,,,
Neoplasta,Empididae,0,0,0,0,0,0,0,0,0,0,0,0,0,0,32,0,0,24,0,0,0,0,0,0,0,0,0,0,0,0,0,0,0,0,0,0,0,0,0,0,0,0,0,0,0,0,0,0,0,0,0,0,0,0,0,0,0,0,0.683,0,0,33.453,602.151,0,0,0,0,0,4.779,57.348,0,0,0,0,0,0,0,0,0,0,0,0,0,0,0,0,0,0,0,0,0,0,2.778,0,0,0,0,0,0,0,0,0,0,0,0,0,0,0,0,0,0,0,0,0,0,0,0,0,0,0,0,0,0,0,0,,,,,,,,,,,,,
Neothremma,Uenoidae,0,0,0,0,0,0,0,0,0,0,0,0,0,0,0,0,0,16,0,0,0,0,0,0,0,0,0,0,0,0,0,0,0,0,0,0,0,0,0,0,0,0,0,0,4.5,0,0,0,0,0,0,0,0,0,0,0,0,0,0,0,0,0,0,0,0,0,0,0,0,0,0,0,0,0,0,0,0,0,0,0,0,0,0,0,0,0,0,0,0,0,0,0,0,0,0,0,0,0,0,0,0,0,0,0,0,0,0,0,0,0,0,0,0,0,0,0,0,0,0,0,0,0,0,0,0,,,,,,,,,,,,,
Nixe,Heptageniidae,0,0,0,0,0,0,0,0,0,0,0,0,0,0,0,0,0,0,0,0,0,0,0,0,0,0,0,0,0,0,0,0,0,0,0,0,0,0,0,0,0,0,0,0,0,0,0,0,0,0,0,0,0,0,0,0,0,0,0,0,0,0,0,0,0,0,0,0,0,0,0,0,0,0,0,0,0,0,0,0,0,0,0,0,0,0,0,0,40.504,0,0,0,0.926,0,0,0,0,0,0,0,0,0,0,0,0,0,0,0,0,0,0,0,0,0,0,0,0,0,0,0,0,0,0,0,0,,,,,,,,,,,,,
Ochrotrichia,Hydroptilidae,0,0,0,0,0,0,0,0,0,0,0,0,0,0,0,0,0,0,0,0,0,0,0,0,0,0,0,0,144.014,0,0,0,4.5,0,0,0,0,0,0,0,0,0,0,0,0,0,0,0,0,0,0,0,0,0,0,0,0,0,0,0,0,0,0,0,0,0,0,0,0,0,0,0,4.5,0,0,0,0,0,0,0,0,0,0,0,0,0,0,0,0,0,0,0,0,0,0,0,0,0,0,0,0,0,0,0,0,0,0,0,0,0,0,0,0,0,0,0,0,0,0,0,0,0,0,0,0,,,,,,,,,,,,,
Oligochaeta,,112,304,404,0,0,16,0,0,90.667,80,87.273,165.333,85.333,70.4,288,544,118.857,16,72,50,320,435.2,864,40,0,0,22.502,256.526,85.509,0,463.546,31.503,36.004,0,121.512,0,0,9.001,0,0,0,0,0,9.001,49.505,0,0,0,0,0,0,0,90.009,0,0,0,35.245,62.724,168.971,562.127,763.441,135.205,2227.001,189.367,459.379,93.787,338.112,577.061,968.14,5968.937,180.018,0,4.5,22.502,9.001,4.5,9.001,0,0,0,0,0,427.543,409.541,76.508,0,103.51,18.002,139.514,0,0,0,3.704,6.944,0,4.167,2.778,0,7.778,8.333,11.111,0,0,2.778,2.778,0,4.444,0,4.04,3.472,11.111,11.111,3.333,5.556,3.704,0.926,3.03,2.02,0,0,1.389,0,1.389,2.778,5.556,,,,,,,,,,,,,
Onocosmoecus,Limnephilidae,0,0,0,0,0,0,0,0,0,0,0,0,0,0,0,0,0,0,0,0,0,0,0,0,0,0,0,0,0,0,0,0,0,0,0,0,0,0,0,0,0,0,0,0,0,0,0,0,0,0,0,0,0,0,0,0,0,0,0,0,0,0,0,0,0,0,0,0,0,0,0,0,0,0,0,0,0,0,0,0,0,0,4.5,0,0,0,0,0,76.508,0,0,0,0,0,0,0,0,0,0,0,0,0,0,0,0,0,0,0,0,0,0,0,0,0,0,0,0,0,0,0,0,0,0,0,0,,,,,,,,,,,,,
Optioservus,Elmidae,0,0,0,0,0,0,0,0,0,0,0,0,0,0,0,0,0,0,0,0,0,0,0,0,0,0,0,0,0,0,76.508,0,0,0,0,0,0,0,0,0,0,0,0,0,0,0,0,0,0,0,0,0,0,0,0,0,0,0,0,0,0,0,0,0,0,0,0,0,0,0,4.5,0,288.029,4.5,243.024,13.501,0,0,0,0,252.025,40.504,0,0,0,4.5,0,0,0,0,0,0,0,0,0,0,0,0,0,0,0,0,0,0,0,2.222,3.333,0,0,2.778,0,0,2.222,1.852,0.926,1.852,2.02,0,0,0,0,0,0,0,0,,,,,,,,,,,,,
Oreodytes,Dytiscidae,8,3.2,0,116.364,0,36,0,0,26.667,0,2.909,0,0,0,0,0,27.429,0,0,0,0,0,0,0,0,0,0,4.5,0,0,0,0,0,0,0,0,0,0,0,0,0,0,0,0,0,0,0,0,0,0,0,0,0,0,0,0,8.961,0,0,0,0,0,0,0,0,0,0,0,0,0,0,0,0,0,0,0,0,0,0,0,0,0,0,0,0,0,0,0,0,0,0,0,0,0,0,0,0,0,0,0,0,0,0,0,0,0,0,0,0,0,0,0,0,0,0,0,0,0,0,0,0,0,0,0,0,,,,,,,,,,,,,
Oreogeton,Oreogetonidae,0,0,0,0,0,0,0,0,0,0,0,0,0,0,0,0,0,0,0,0,0,0,0,0,0,0,0,0,4.5,0,0,0,4.5,0,0,0,0,0,0,0,0,4.5,0,18.002,40.504,9.001,9.001,0,4.5,0,0,0,0,0,13.501,0,0,0,0,0,0,0,0,0,0,0,0,0,0,0,0,0,4.5,0,0,0,0,0,0,0,0,4.5,0,0,0,0,0,0,0,0,0,0,0,0,0,0,0,0,0,0,0,0,0,0,0,0,0,0,0,0,0,0,0,0,0,0,0,3.03,0,0,0,0,0,0,0,,,,,,,,,,,,,
Ormosia,Tipulidae,0,0,0,0,0,0,0,0,0,0,0,0,0,0,0,0,0,0,0,0,0,0,0,0,0,0,0,0,0,0,0,0,0,0,0,0,0,0,0,0,0,0,0,0,0,0,0,0,0,0,0,0,0,0,0,0,0,0,0,0,0,0,0,0,1.792,0,0,0,0,0,0,0,0,0,0,0,0,0,0,0,0,0,0,0,0,0,0,0,0,0,0,0,0,0,0,0,0,0,0,0,0,0,0,0,0,0,0,0,0,0,0,0,0,0,0,0,0,0,0,0,0,0,0,0,0,,,,,,,,,,,,,
Ostracoda,,24,22.4,16,0,0,12,0,0,0,16,0,0,0,0,160,0,0,0,8,32,21.333,0,0,0,0,0,0,0,0,0,0,0,0,0,36.004,0,0,0,0,0,0,0,0,0,0,0,0,0,0,0,0,0,0,0,0,0,0,0,21.505,2.389,4.779,203.903,219.833,5.974,49.582,11.947,229.391,353.644,190.362,774.194,0,0,0,0,0,0,0,0,0,0,0,0,0,0,0,0,0,0,0,0,0,0,0,0,0,0,0,0,0,0,0,0,0,0,0,0,0,0,0,0,1.389,0,0,0,0,0,0,0,0,0,0,1.389,1.389,0,0,,,,,,,,,,,,,
Palpomyia,Ceratopogonidae,0,0,0,0,0,0,0,0,0,0,0,0,0,0,0,0,0,0,0,0,0,0,0,0,0,0,0,0,0,0,0,0,0,0,0,0,0,0,0,0,0,0,0,0,0,0,0,0,0,0,0,0,0,0,0,0,0,0,0,0,0,0,0,0,0,0,0,0,0,0,0,0,0,0,0,0,0,0,0,0,0,0,0,13.501,22.502,13.501,0,0,4.5,0,0,0,0,0,0,0,0,0,0,0,0,0,0,0,0,0,0,0,0,0,0,0,0,0,0,0,0,0,0,0,0,0,0,0,0,,,,,,,,,,,,,
Paraleptophlebia,Leptophlebiidae,0,0,0,0,10.667,0,8,0,0,24,0,0,0,0,336,0,0,80,16,48,0,0,0,672,0,0,0,0,0,4.5,31.503,0,18.002,13.501,27.003,0,0,0,0,0,0,0,0,0,0,0,0,0,0,0,0,0,4.5,0,0,0,0,0,0,121.266,202.509,96.376,965.352,0,7.168,0,56.153,326.762,45.48,473.118,0,0,0,0,0,0,0,0,0,0,0,0,0,0,0,0,0,0,0,0,0,0,0,0,0,0,6.944,43.056,13.333,0,6.667,0,0,0,0.926,0,0,0,0,0.694,12.5,1.111,14.444,0,0,0.926,0,0,0.926,0,1.389,0,0,0,0,,,,,,,,,,,,,
Paraperla,Chloroperlidae,0,0,0,0,0,0,0,0,0,0,0,0,0,0,0,0,0,0,0,0,0,0,0,0,0,0,0,0,0,0,0,0,0,0,0,0,0,0,0,0,0,0,0,0,0,0,0,0,0,0,0,0,0,0,0,0,0,0,0,0,0,0,0,0,0,0,0,0,0,0,0,0,0,13.501,0,0,0,0,0,0,0,0,0,76.508,4.5,0,0,0,0,0,0,0,0,1.389,0,0,0,0,0,0,0,0,0,0,0,0,0,0,0,0,0,0,0,0,0,0,0,0,0,0,0,0,0,0,0,,,,,,,,,,,,,
Parapsyche,Hydropsychidae,0,0,0,0,0,0,0,0,0,0,0,0,0,0,0,0,0,8,0,0,0,0,0,0,0,0,0,0,0,0,0,0,0,0,0,0,0,0,0,0,0,0,27.003,0,0,0,0,0,0,0,0,0,0,0,0,9.001,0,0,0,0,4.779,2.389,0,0,0,0,1.195,4.779,12.346,33.453,0,0,0,0,0,0,0,0,0,0,0,0,0,0,0,0,0,0,0,0,1.389,0,0,0,9.402,0,0,0,0,0,0,0,0,0,0,0,0,0,0,0,0,0,0,0,0,0,0,0,0,0,0,0,0,0,0,,,,,,,,,,,,,
Pedicia,Tipulidae,0,0,0,0,10.667,0,0,0,0,0,0,0,42.667,1.6,0,0,0,0,0,0,0,0,0,0,0,0,0,0,0,0,0,0,0,0,0,0,0,0,0,0,0,0,0,0,0,0,0,0,0,0,0,0,0,0,0,0,0,0,2.389,0,0,0,0,0,0,0,0,0,0,0,0,0,0,0,0,0,0,0,0,0,0,0,0,0,0,0,0,0,0,0,0,0,0,0,0,0,0,0,0,0,0,0,0,0,0,0,0,0,0,0,0,0,0,0,0,0,0,0,0,0,0,0,0,0,0,,,,,,,,,,,,,
Pisidium,Pisidiidae,0,0,0,2.909,10.667,36,0,0,0,172,0,250.667,618.667,0,304,0,18.286,472,304,6,0,6.4,0,8,0,0,0,0,148.515,378.038,1417.642,121.512,0,0,162.016,0,0,0,13.501,0,0,54.005,0,193.519,504.05,148.515,135.014,1602.16,31.503,0,283.528,598.56,76.508,949.595,364.536,459.046,0,0,0,13.74,40.621,60.534,3316.607,0,0,0,538.829,303.465,283.951,219.833,130.513,13.501,733.573,54.005,436.544,580.558,594.059,94.509,351.035,823.582,463.546,0,112.511,27.003,0,9.001,40.504,18.002,76.508,0,0,0,0,0,1.709,8.333,206.944,293.056,196.667,159.722,10,45.556,811.111,397.222,11.111,124.444,477.778,238.272,65.657,4.861,12.5,81.111,156.667,0,0,0,0,1.01,0,0,0,1.389,0,1.389,8.333,,,,,,,,,,,,,
Pleuroceridae,Pleuroceridae,0,0,0,0,0,0,0,0,0,4,0,0,0,0,0,0,0,0,0,0,0,0,0,0,0,0,0,0,0,0,0,0,0,0,0,0,0,0,0,0,0,0,0,0,0,0,0,0,0,0,0,0,0,0,0,0,0,0,0,0,0,0,0,0,0,0,0,0,0,0,0,0,0,0,0,0,0,0,0,0,0,0,0,0,0,0,0,0,0,0,0,0,0,0,0,0,0,0,0,0,0,0,0,0,0,0,0,0,0,0,0,0,0,0,0,0,0,0,0,0,0,0,0,0,0,,,,,,,,,,,,,
Polycentropus,Polycentropodidae,0,0,0,0,0,0,0,0,0,0,0,0,0,0,0,0,9.143,0,0,0,0,0,0,0,0,0,0,0,0,0,0,0,0,0,0,0,0,0,0,0,0,0,0,0,0,0,0,0,0,0,0,0,0,0,0,0,0,0,0,0,0,0,0,0,0,0,0,0,0,0,0,0,0,0,0,0,0,0,0,0,0,4.5,0,0,0,0,0,0,0,0,0,0,0,0,0,0,0,0,0,0,0,0,0,0,0,0,0,0,0,0,0,0,0,0,0,0,0,0,0,0,0,0,0,0,0,,,,,,,,,,,,,
Procloeon,Baetidae,0,0,0,0,0,0,0,0,0,0,0,0,0,0,0,0,0,0,0,0,0,0,0,0,0,0,0,0,0,0,0,0,0,0,0,0,0,0,0,0,0,0,0,0,0,0,0,0,0,0,0,0,0,0,0,0,0,0,0,0,0,0,0,0,0,0,0,0,0,0,0,0,0,0,0,0,0,0,0,0,0,0,0,0,0,0,0,0,22.502,0,0,0,0,0,0,0,0,0,0,0,0,0,0,0,0,0,0,0,0,0,0,0,0,0,0,0,0,0,0,0,0,0,0,0,0,,,,,,,,,,,,,
Prosimulium,Simuliidae,0,0,0,0,0,0,384,377.6,0,0,0,0,0,3.2,0,0,0,0,0,0,0,0,112,0,0,0,0,0,18.002,9.001,0,13.501,0,0,0,9.001,0,9.001,4.5,9.001,9.001,0,4.5,4.5,94.509,9.001,13.501,31.503,0,0,292.529,148.515,0,0,0,0,0,0,11.35,0,0,6.372,0,34.9,299.881,29.271,0,0,0,0,427.543,0,0,0,0,0,0,0,0,0,0,0,0,0,0,0,0,0,0,0,0,0,0,0,0,0,0,0,0,0,0,0,0,0,0,0,0,0,0,0,0,0,0,0,0,0,0,0,0,0,0,0,0,0,0,,,,,,,,,,,,,
Psychoglypha,Limnephilidae,0,3.2,4,11.636,0,0,8,0,5.333,8,2.909,0,0,1.6,0,0,0,32,40,2,0,0,0,0,0,0,0,0,0,0,0,0,0,0,0,0,0,0,0,0,0,0,0,0,0,0,0,0,0,0,0,0,0,0,0,0,1.195,7.168,8.961,0,0,38.232,28.674,0,0,0.597,25.09,41.219,36.002,100.358,0,0,0,0,0,0,0,0,0,0,0,0,0,0,0,0,0,0,0,0,0,1.389,0,0,0,0,0,0,0,0,0,0,0,0,0,0,0,0,0,0,0,0,0,0,0,0,0,0,0,0,0,0,0,0,0,,,,,,,,,,,,,
Rhabdomastix,Limoniidae,0,0,0,0,0,0,0,0,0,0,0,0,0,0,0,0,0,0,0,2,0,0,0,0,0,0,0,0,0,0,0,0,0,0,0,0,0,0,0,0,0,0,0,0,0,0,0,0,0,0,0,0,0,0,0,0,0,0,0,0,0,0,0,0,0,0,0,0,0,0,0,0,0,0,0,0,0,0,0,0,0,0,0,0,0,0,0,0,0,0,0,0,0,0,0,0,0,0,0,0,0,0,0,0,0,0,0,0,0,0,0,0,0,0,0,0,0,0,0,0,0,0,0,0,0,,,,,,,,,,,,,
Rhithrogena,Heptageniidae,0,0,0,0,0,0,0,0,0,0,0,0,0,0,0,0,0,0,0,0,0,0,0,0,0,0,0,0,0,0,238.524,0,0,0,0,0,0,0,0,0,0,0,0,0,0,0,0,0,0,0,0,0,0,0,0,0,0,0,0,0,0,0,0,0,0,0,0,0,0,0,0,0,0,0,0,0,0,0,0,0,0,0,0,0,0,0,0,0,0,0,0,0,0,0,0,0,0,0,0,0,0,0,0,0,0,0,0,0,0,0,0,0,0,0,0.926,0,0,2.02,0,0,0,1.389,0,0,0,,,,,,,,,,,,,
Rhizelmis,Elmidae,0,0,0,0,0,0,0,0,0,0,0,0,0,0,0,0,0,0,0,0,0,0,0,0,0,0,0,0,0,0,0,0,0,0,9.001,0,0,0,0,0,0,0,0,0,0,0,0,0,0,0,0,0,0,0,0,31.503,0,0,0,0,0,0,0,0,0,0,0,0,0,0,0,0,0,0,22.502,22.502,76.508,67.507,22.502,54.005,54.005,9.001,0,0,0,0,0,0,0,0,0,0,0,0,0,0,0,0,0,0,0,0,0,0,0,0,0,0,0,0,0,0,0,0,0,0,0,0,0,0,0,0,0,0,0,,,,,,,,,,,,,
Rhyacophila,Rhyacophilidae,0,0,0,0,53.333,0,24,0,0,0,0,0,64,0,48,10.667,9.143,112,0,0,0,0,16,0,0,54.005,45.005,18.002,18.002,4.5,18.002,0,13.501,13.501,27.003,0,0,0,0,0,13.501,0,18.002,4.5,4.5,0,9.001,4.5,13.501,0,0,0,0,31.503,45.005,81.008,8.961,34.05,18.433,19.116,21.505,26.483,143.369,0,0,2.987,7.168,21.505,8.363,262.843,0,4.5,0,72.007,0,0,0,45.005,0,0,0,27.003,0,40.504,13.501,0,0,0,0,0,2.778,4.167,10.185,2.778,0.855,8.333,15.278,16.667,10,13.889,5.556,1.111,18.519,8.333,1.852,4.444,2.222,1.235,9.091,0.694,6.944,6.667,7.778,2.778,0.926,3.704,3.03,1.01,0,125.926,9.722,4.167,1.389,5.556,1.389,,,,,,,,,,,,,
Sanfilippodytes,Dytiscidae,12,3.2,24,0,0,0,16,0,5.333,0,23.273,0,0,0,0,42.667,9.143,0,0,0,0,38.4,80,0,0,0,0,0,0,0,0,0,0,0,0,0,0,0,0,0,0,0,0,0,0,0,0,0,0,0,0,0,0,0,0,0,8.363,41.219,12.289,7.766,1.792,0,76.464,34.648,43.011,0,0,0,0,0,0,0,0,0,0,0,0,0,0,0,0,0,0,0,0,0,0,0,0,0,0,0,0,0,0,0,0,0,0,0,0,0,0,0,0,0,0,0,0,0,0,0,0,0,0,0,0,0,0,0,0,0,0,0,0,,,,,,,,,,,,,
Sciara,Sciaridae,0,0,0,0,0,0,0,0,0,0,0,0,0,0,0,0,0,0,0,0,0,0,0,0,0,0,0,0,0,0,0,0,0,0,0,0,0,0,0,0,0,0,0,0,0,0,0,0,0,0,0,0,0,0,0,0,0,0,0,0,0,0,0,0,0,75.866,0,0,0,0,0,0,0,0,0,0,0,0,0,0,0,0,0,0,0,0,0,0,0,0,0,0,0,0,0,0,0,0,0,0,0,0,0,0,0,0,0,0,0,0,0,0,0,0,0,0,0,0,0,0,0,0,0,0,0,,,,,,,,,,,,,
Serratella,Ephemerellidae,0,0,0,0,0,0,0,0,0,0,0,0,0,0,208,0,0,136,24,4,0,0,0,88,0,0,0,0,0,0,0,0,0,0,22.502,0,0,0,0,0,0,0,0,0,0,0,0,0,0,0,0,0,0,0,0,0,0,0,0,7.168,8.363,10.354,477.897,0,0,0,2.389,0,5.974,148.148,0,0,0,0,0,0,0,0,0,0,0,0,0,0,0,0,0,0,0,0,0,0,1.852,1.389,0.855,0,0,0,0,0,0,1.111,0,0,0,0,20,6.173,0,4.167,4.167,0,1.111,0,0,0,0,0,0,0,0,0,0,0,0,,,,,,,,,,,,,
Sialis,Sialidae,0,0,0,0,0,0,0,0,0,0,29.091,5.333,0,0,0,0,0,0,0,0,0,0,0,0,0,0,0,0,0,0,0,0,0,0,0,0,0,0,0,0,0,0,0,0,0,0,0,0,0,0,0,0,0,0,0,0,3.584,0,0,0,0,0,0,0,0,0,0,0,0,0,0,0,0,0,0,0,0,0,0,0,0,0,22.502,0,0,27.003,85.509,13.501,4.5,0,0,0,0,0,0,0,0,0,0,0,0,0,0,0,0,0,0,0,0,0,0,0,0,0,0,0,0,0,0,0,0,0,0,0,0,,,,,,,,,,,,,
Simulium,Simuliidae,0,38.4,260,58.182,2581.333,0,40,390.4,0,0,0,0,0,0,0,128,9.143,8,0,6,7445.333,6.4,176,160,13.501,0,4.5,0,454.545,85.509,63.006,598.56,49.505,36.004,49.505,0,0,0,0,0,0,0,0,0,90.009,13.501,9.001,108.011,9.001,10571.557,450.045,270.027,0,324.032,85.509,81.008,3.584,1105.735,53.763,867.384,95.579,45.4,143.369,7.168,1.195,0,1.195,2.389,1.593,9.558,265.527,0,0,9.001,0,4.5,103.51,0,0,0,67.507,0,0,0,0,0,0,0,0,19.048,1.389,1.389,16.667,27.778,4.274,23.611,1012.5,930.556,611.111,5.556,2.222,3222.222,2240.741,3027.778,1833.333,2236.667,1666.667,3674.074,344.444,3.472,6.944,3.333,82.222,0.926,0,0.926,0,1.01,0,2511.111,5.556,4.167,0,0,9.722,,,,,,,,,,,,,
Siphlonurus,Siphlonuridae,0,0,0,0,0,0,0,0,0,0,0,0,0,0,0,0,0,0,0,0,0,0,0,0,0,0,0,0,0,0,18.002,0,0,0,0,0,0,0,0,0,0,0,0,0,0,0,0,0,0,0,0,0,0,0,0,0,0,0,0,0,0,0,0,0,0,0,0,0,0,0,0,0,0,0,0,0,0,0,0,0,0,0,0,0,0,0,0,0,0,0,0,0,0,0,0,0,0,0,0,0,0,0,0,0,0,0,0,0,0,0,0,0,0,0,0,0,1.01,0,0,0,0,0,0,0,0,,,,,,,,,,,,,
Skwala,Perlodidae,0,0,0,0,0,0,0,0,0,0,0,0,21.333,0,112,0,0,0,0,0,0,0,0,0,0,0,0,0,0,0,0,0,0,0,0,0,0,0,0,0,0,0,0,0,0,0,0,0,0,0,0,0,0,0,4.5,4.5,0,0,0,0,0,0,0,0,0,0,0,0,0,0,0,0,0,0,0,0,0,0,0,0,0,0,0,0,0,0,0,0,0,0,0,0,0,0,0,0,0,0,0,0,0,0,0,0,0,0,0,0,0,0,0,0,0,0,0,0,0,0,0,0,0,0,0,0,0,,,,,,,,,,,,,
Soyedina,Nemouridae,0,0,0,0,0,0,0,0,0,0,0,0,0,0,0,0,0,0,0,0,0,0,0,0,0,0,0,0,0,0,0,0,0,0,0,0,0,0,0,0,0,0,0,0,0,0,0,0,0,0,0,0,0,0,0,0,0,0,0,0,0,0,0,0,0,0,0,3.584,0,0,0,0,0,0,0,0,0,0,0,0,0,0,0,0,40.504,0,0,0,0,0,0,0,0,0,0,0,0,0,0,0,0,0,0,0,0,0,0,0,0,0,0,0,0,0,0,0,0,0,0,0,0,0,0,0,0,,,,,,,,,,,,,
Stegopterna,Simuliidae,0,0,0,0,0,0,0,0,0,0,0,0,0,0,0,0,0,0,0,0,0,0,0,0,0,0,0,0,31.503,0,0,9.001,0,0,0,0,0,0,0,0,0,0,0,0,0,0,0,0,0,0,0,0,0,0,0,0,30.466,23.297,117.512,0,0,0,0,54.958,231.78,40.024,0,0,0,0,364.536,0,0,0,0,0,4.5,0,0,0,0,0,0,0,4.5,0,0,0,0,0,0,0,0,0,0,0,0,0,0,0,0,0,0,0,0,0,0,0,0,0,0,0,0,0,0,0,0,0,0,0,0,0,0,0,0,,,,,,,,,,,,,
Stictotarsus,Dytiscidae,0,0,0,0,0,2,0,0,5.333,0,0,0,0,1.6,0,0,0,0,0,0,0,0,0,0,0,0,0,0,0,0,0,0,0,0,0,0,0,0,0,0,0,0,0,0,0,0,0,0,0,0,0,0,0,0,0,0,0,0,0,0,0,0,0,0,0,0,0,0,0,0,0,0,0,0,0,0,0,0,0,0,0,0,0,0,0,0,0,0,0,0,0,0,0,0,0,0,0,0,0,0,0,0,0,0,0,0,0,0,0,0,0,0,0,0,0,0,0,0,0,0,0,0,0,0,0,,,,,,,,,,,,,
Stilobezzia,Ceratopogonidae,0,0,0,0,0,0,0,0,0,0,0,0,0,0,0,0,0,0,0,0,0,0,0,0,0,0,0,0,0,0,0,0,0,0,0,0,0,0,0,0,0,0,0,0,0,0,0,0,0,0,0,0,0,0,0,0,0,0,0,0,0,3.584,0,0,0,0.597,0,0,0,0,0,0,0,0,0,0,0,0,0,0,0,0,0,0,0,0,0,0,0,0,0,0,0,0,0,0,0,0,0,0,0,0,0,0,0,0,0,0,0,0,0,0,0,0,0,0,0,0,0,0,0,0,0,0,0,,,,,,,,,,,,,
Suwallia,Chloroperlidae,0,0,0,0,0,0,0,0,0,0,0,0,0,0,0,0,0,8,8,0,0,0,0,0,0,0,0,0,0,0,0,0,0,0,0,0,0,0,0,0,0,0,0,0,0,0,0,0,0,0,0,0,0,0,0,0,0,0,0,0,0,0,0,0,0.597,1.792,7.168,3.584,1.593,0,0,0,0,0,0,22.502,13.501,0,0,0,0,0,0,0,0,0,0,0,0,0,0,0,0,0,0,0,0,0,0,0,0,0,0,0,0,4.444,0,0,0,0.694,2.778,2.222,0,1.852,2.778,2.778,5.051,2.02,0,0,0,2.778,0,0,0,,,,,,,,,,,,,
Sweltsa,Chloroperlidae,0,0,0,0,0,0,0,0,0,12,0,0,0,0,0,0,0,32,0,0,0,0,0,0,0,0,0,0,0,0,0,0,0,0,0,0,0,0,0,0,0,0,0,0,0,0,0,0,0,0,0,0,0,0,0,0,0,0,0,1.195,2.389,0,19.116,0,0,0,16.726,39.427,27.001,191.159,0,0,0,0,0,0,0,0,0,0,0,0,0,0,0,0,0,0,256.526,0,0,0,4.63,0,0,0,0,5.556,1.111,2.778,0,0,0,0,0,0,0,0,0,0,0,0,0,0,0,0,0,0,3.704,0,0,0,0,0,0,,,,,,,,,,,,,
Tabanus,Tabanidae,0,0,0,0,0,0,0,0,0,0,0,0,0,0,16,0,0,0,0,0,0,0,0,0,0,0,0,0,0,0,0,0,0,0,0,0,0,0,0,0,0,0,0,0,0,0,0,0,0,0,0,0,0,0,0,0,0,0,0,0,0,0,0,0,0,0,0,0,0,0,0,0,0,0,0,0,0,0,0,0,0,0,0,0,0,0,0,0,0,0,0,0,0,0,0,0,0,0,0,0,0,0,0,0,0,0,0,0,0,0,0,0,0,0,0,0,0,0,0,0,0,0,0,0,0,,,,,,,,,,,,,
Tipula,Tipulidae,0,0,0,0,0,0,0,0,0,0,0,0,0,0,0,0,0,0,0,0,0,0,0,0,0,0,0,0,0,0,0,0,0,0,0,0,0,0,0,0,0,0,0,0,0,0,0,0,0,0,0,0,4.5,0,0,0,0,0,0,0,0,0,0,0,0,0,0,0,0,0,0,0,0,0,0,0,0,0,0,0,0,0,0,0,0,0,0,0,0,0,0,0,0,0,0,0,0,0,0,0,0,0,0,0,0,0,0,0,0,0,0,0,0,0,0,0,0,0,0,0,0,0,0,0,0,,,,,,,,,,,,,
Turbellaria,Dugesiidae,30,0,0,0,0,0,40,6.4,0,188,0,170.667,1301.333,81.6,832,0,9.143,64,16,2,0,0,0,8,9.001,0,0,0,49.505,36.004,243.024,18.002,49.505,0,0,0,0,0,0,0,0,0,0,0,0,0,0,0,4.5,0,0,0,0,0,0,0,0,1.792,0,14.337,7.168,128.634,1099.164,1.195,10.155,10.753,68.1,175.627,107.845,1882.915,0,0,0,0,0,0,4.5,0,0,0,0,0,0,319.532,0,0,0,0,0,0,0,0,0,0,0,0,0,0,0,0,0,0,0,0,0,0,0,0,0,0,0,0,2.222,0,0,0,0,0,0,0,1.389,0,0,0,2.778,,,,,,,,,,,,,
Wiedeman,,0,0,0,0,0,0,0,0,0,0,0,0,0,0,0,0,0,0,8,0,0,0,0,0,0,0,0,0,0,0,0,0,0,0,0,0,0,0,0,0,0,0,0,0,0,0,0,0,0,0,0,0,0,0,0,0,0,0,0,0,0,0,0,0,0,0,0,0,0,0,0,0,0,0,0,0,0,0,0,0,0,0,0,13.501,0,0,0,0,0,0,0,0,0,0,0,0,1.389,19.444,1.111,0,0,0,0,0,0,0,0,0,0,0,0,0,0,0,0,0,0,0,0,0,0,0,0,0,0,,,,,,,,,,,,,
Yoraperla,Peltoperlidae,0,0,0,0,0,0,0,0,0,0,0,0,0,0,0,0,0,0,0,0,0,0,0,0,0,0,0,0,0,0,0,0,0,0,0,0,0,0,0,0,0,0,0,0,0,0,0,0,0,0,0,0,0,0,0,0,0,0,0,0,0,0,0,0,0,0,0,0,1.593,0,0,0,0,0,0,0,0,0,0,0,0,0,0,0,0,0,0,0,0,0,0,0,0,0,0,0,0,0,0,0,0,0,0,0,0,0,0,0,0,0,0,0,0,0,0,0,0,0,0,0,0,0,0,4.167,0,,,,,,,,,,,,,
Zapada,Nemouridae,0,0,0,0,32,0,0,0,0,0,0,0,0,0,0,0,0,32,0,2,0,0,0,8,31.503,13.501,0,9.001,81.008,45.005,337.534,13.501,72.007,54.005,31.503,0,0,0,0,36.004,40.504,0,4.5,9.001,0,0,0,0,27.003,0,0,0,0,4.5,0,4.5,0,0,0,8.961,14.337,46.197,181.601,0,0,0,28.674,57.348,56.949,296.296,0,0,0,0,0,0,0,0,0,0,0,0,0,279.028,58.506,0,0,0,13.501,0,0,20.833,27.778,9.722,24.786,30.556,0,0,0,2.778,0,0,0,0,0,0,0,0,0,0,0,1.111,0,0,2.778,2.778,1.01,0,0,0,0,0,0,0,0,,,,,,,,,,,,,
Arctopsyche,Hydropsychidae,0,0,0,0,0,0,0,0,0,0,0,0,0,0,0,0,0,0,0,0,0,0,0,0,0,0,0,0,0,0,0,0,0,0,0,0,0,0,0,0,0,0,0,0,0,0,0,0,0,0,0,0,0,0,0,0,0,0,0,0,0,0,0,0,0,0,0,0,0,0,0,0,0,0,0,0,0,0,0,0,0,0,0,0,0,0,0,0,0,0,0,0,0,1.39,0,1.39,0,0,0,0,0,0,0,0,0,0,0,0,0,0,0,0,0,0,0,0,0,0,0,0,0,0,0,0,0,,,,,,,,,,,,,
Blephariceridae,Belphariceridae,0,0,0,0,0,0,0,0,0,0,0,0,0,0,0,0,0,0,0,0,0,0,0,0,0,0,0,0,0,0,0,0,0,0,0,0,0,0,0,0,0,0,0,0,0,0,0,0,0,0,0,0,0,0,0,0,0,0,0,0,0,0,0,0,0,0,0,0,0,0,0,0,0,0,0,0,0,0,0,0,0,0,0,0,0,0,0,0,0,0,0,0,0,0,0,0,0,0,0,0,0,0,0,0,0,0,0,0,0,0,0,0,0,0,0,0,0,0,0,0,0,0,0,0,1.389,,,,,,,,,,,,,
Deuterophlebia,Deuteroplebiidae,0,0,0,0,0,0,0,0,0,0,0,0,0,0,0,0,0,0,0,0,0,0,0,0,0,0,0,0,0,0,0,0,0,0,0,0,0,0,0,0,0,0,0,0,0,0,0,0,0,0,0,0,0,0,0,0,0,0,0,0,0,0,0,0,0,0,0,0,0,0,0,0,0,0,0,0,0,0,0,0,0,0,0,0,0,0,0,0,0,0,0,0,0,0,0,0,0,0,0,0,0,0,0,0,0,0,0,0,0,0,0,0,0,0,0,0,0,0,0,0,0,0,0,1.389,0,,,,,,,,,,,,,
Narpus,Elmidae,0,0,0,0,0,0,0,0,0,0,0,0,0,0,0,0,0,0,0,0,0,0,0,0,0,0,0,0,0,0,0,0,0,0,0,0,0,0,0,0,0,0,0,0,0,0,0,0,0,0,0,0,0,0,0,0,0,0,0,0,0,0,0,0,0,0,0,0,0,0,0,0,0,0,0,0,0,0,0,0,0,0,0,0,0,0,0,0,0,0,0,0,0,0,0,0,0,0,0,0,0,0,0,0,0,0,0,0,0,0,0,0,0,0,0,0,0,0,0,0,1.389,0,0,0,0,,,,,,,,,,,,,
Perlinodes,Perlodidae,0,0,0,0,0,0,0,0,0,0,0,0,0,0,0,0,0,0,0,0,0,0,0,0,0,0,0,0,0,0,0,0,0,0,0,0,0,0,0,0,0,0,0,0,0,0,0,0,0,0,0,0,0,0,0,0,0,0,0,0,0,0,0,0,0,0,0,0,0,0,0,0,0,0,0,0,0,0,0,0,0,0,0,0,0,0,0,0,0,0,0,0,0,0,0,0,0,0,0,0,0,0,0,0,0,0,0,0,0,0,0,0,0,0,0,0,0,0,0,0,0,0,0,1.389,0,,,,,,,,,,,,,
Orohermes,Corydalidae,0,0,0,0,0,0,0,0,0,0,0,0,0,0,0,0,0,0,0,0,0,0,0,0,0,0,0,0,0,0,0,0,0,0,0,0,0,0,0,0,0,0,0,0,0,0,0,0,0,0,0,0,0,0,0,0,0,0,0,0,0,0,0,0,0,0,0,0,0,0,0,0,0,0,0,0,0,0,0,0,0,0,0,0,0,0,0,0,0,0,0,0,0,0,0,0,0,0,0,0,0,0,0,0,0,0,0,0,0,0,0,0,0,0,0,0,0,0,0,0,0,0,0,0,1.389,,,,,,,,,,,,,
Planorbidae,Planorbidae,0,0,0,0,0,0,0,0,0,0,0,0,0,0,0,0,0,0,0,0,0,0,0,0,0,0,0,0,0,0,0,0,0,0,0,0,0,0,0,0,0,0,0,0,0,0,0,0,0,0,0,0,0,0,0,0,0,0,0,0,0,0,0,0,0,0,0,0,0,0,0,0,0,0,0,0,0,0,0,0,0,0,0,0,0,0,0,0,0,0,0,0,0,0,0,0,0,1.389,0,0,0,1.111,0,0,0,0,0,1.235,0,0,0,0,0,0,0,0,0,0,0,0,0,0,0,0,0,,,,,,,,,,,,,
Wormaldia,Trichoptera,0,0,0,0,0,0,0,0,0,0,0,0,0,0,0,0,0,0,0,0,0,0,0,0,0,0,0,0,0,0,0,0,0,0,0,0,0,0,0,0,0,0,0,0,0,0,0,0,0,0,0,0,0,0,0,0,0,0,0,0,0,0,0,0,0,0,0,0,0,0,0,0,0,0,0,0,0,0,0,0,0,0,0,0,0,0,0,0,0,0,0,0,0,0,0,0,0,0,0,0,0,0,0,0,0,0,0,0,0,0,0,0,0,1.852,7.407,1.852,15.152,46.465,0,0,0,0,0,2.778,5.556,,,,,,,,,,,,,